{"statuses":[{"metadata":{"result_type":"popular","iso_language_code":"en"},"created_at":"Mon Oct 21 23:11:20 +0000 2013","id":392427915456966656,"id_str":"392427915456966656","text":"I admit I've become somewhat of a hotel snob, but my minimum requirements are a good shower and fast internet - this hotel FAILS at both!","source":"web","truncated":false,"in_reply_to_status_id":null,"in_reply_to_status_id_str":null,"in_reply_to_user_id":null,"in_reply_to_user_id_str":null,"in_reply_to_screen_name":null,"user":{"id":21622407,"id_str":"21622407","name":"Dan Kanter","screen_name":"dankanter","location":"Toronto, CANADA!","description":"Musical Director & Guitarist for Justin Bieber. I am a musician, producer, songwriter, phan, and foodie from Toronto, CANADA!","url":null,"entities":{"description":{"urls":[]}},"protected":false,"followers_count":1175845,"friends_count":1723,"listed_count":7785,"created_at":"Mon Feb 23 02:09:41 +0000 2009","favourites_count":7,"utc_offset":-18000,"time_zone":"Quito","geo_enabled":true,"verified":true,"statuses_count":10517,"lang":"en","contributors_enabled":false,"is_translator":false,"profile_background_color":"000305","profile_background_image_url":"http:\/\/a0.twimg.com\/profile_background_images\/213344553\/baby.jpg","profile_background_image_url_https":"https:\/\/si0.twimg.com\/profile_background_images\/213344553\/baby.jpg","profile_background_tile":true,"profile_image_url":"http:\/\/a0.twimg.com\/profile_images\/378800000051323022\/a1d140fd57da2030b5865193ed74a10c_normal.jpeg","profile_image_url_https":"https:\/\/si0.twimg.com\/profile_images\/378800000051323022\/a1d140fd57da2030b5865193ed74a10c_normal.jpeg","profile_banner_url":"https:\/\/pbs.twimg.com\/profile_banners\/21622407\/1361489206","profile_link_color":"0084B4","profile_sidebar_border_color":"C0DEED","profile_sidebar_fill_color":"DDEEF6","profile_text_color":"333333","profile_use_background_image":true,"default_profile":false,"default_profile_image":false,"following":null,"follow_request_sent":null,"notifications":null},"geo":null,"coordinates":null,"place":null,"contributors":null,"retweet_count":271,"favorite_count":337,"entities":{"hashtags":[],"symbols":[],"urls":[],"user_mentions":[]},"favorited":false,"retweeted":false,"lang":"en"},{"metadata":{"result_type":"popular","iso_language_code":"en"},"created_at":"Mon Oct 21 18:23:16 +0000 2013","id":392355420976586752,"id_str":"392355420976586752","text":"But every song's like gold teeth, grey goose, trippin' in the bathroom.\nBlood stains, ball gowns, trashin' the hotel room,\nWe don't care","source":"\u003ca href=\"http:\/\/www.tweetdeck.com\" rel=\"nofollow\"\u003eTweetDeck\u003c\/a\u003e","truncated":false,"in_reply_to_status_id":null,"in_reply_to_status_id_str":null,"in_reply_to_user_id":null,"in_reply_to_user_id_str":null,"in_reply_to_screen_name":null,"user":{"id":483356046,"id_str":"483356046","name":"LORDE","screen_name":"LordeCrew","location":"","description":"The #1 Lorde Source. News, Photos, Videos and Chart Updates. Buy PURE HEROINE on iTunes: https:\/\/t.co\/rLjOI3YtYT","url":"http:\/\/t.co\/kpKy6BEJNz","entities":{"url":{"urls":[{"url":"http:\/\/t.co\/kpKy6BEJNz","expanded_url":"http:\/\/instagram.com\/lordecrew","display_url":"instagram.com\/lordecrew","indices":[0,22]}]},"description":{"urls":[{"url":"https:\/\/t.co\/rLjOI3YtYT","expanded_url":"https:\/\/itunes.apple.com\/us\/al","display_url":"itunes.apple.com\/us\/al","indices":[89,112]}]}},"protected":false,"followers_count":23528,"friends_count":161,"listed_count":20,"created_at":"Sat Feb 04 22:47:24 +0000 2012","favourites_count":136,"utc_offset":7200,"time_zone":"Amsterdam","geo_enabled":false,"verified":false,"statuses_count":12160,"lang":"en","contributors_enabled":false,"is_translator":false,"profile_background_color":"FFFFFF","profile_background_image_url":"http:\/\/a0.twimg.com\/profile_background_images\/378800000097699313\/f9b2a3564702d90203834805e720a97f.png","profile_background_image_url_https":"https:\/\/si0.twimg.com\/profile_background_images\/378800000097699313\/f9b2a3564702d90203834805e720a97f.png","profile_background_tile":true,"profile_image_url":"http:\/\/pbs.twimg.com\/profile_images\/378800000617754933\/61dfcf95793a2eff143583c6067706db_normal.png","profile_image_url_https":"https:\/\/pbs.twimg.com\/profile_images\/378800000617754933\/61dfcf95793a2eff143583c6067706db_normal.png","profile_banner_url":"https:\/\/pbs.twimg.com\/profile_banners\/483356046\/1382182688","profile_link_color":"DEBFDE","profile_sidebar_border_color":"FFFFFF","profile_sidebar_fill_color":"A0C5C7","profile_text_color":"333333","profile_use_background_image":true,"default_profile":false,"default_profile_image":false,"following":null,"follow_request_sent":null,"notifications":null},"geo":null,"coordinates":null,"place":null,"contributors":null,"retweet_count":209,"favorite_count":74,"entities":{"hashtags":[],"symbols":[],"urls":[],"user_mentions":[]},"favorited":false,"retweeted":false,"lang":"en"},{"metadata":{"result_type":"popular","iso_language_code":"es"},"created_at":"Mon Oct 21 11:45:28 +0000 2013","id":392255309516775425,"id_str":"392255309516775425","text":"Quien quiere pasar la noche en este fascinante hotel de las islas Fiji http:\/\/t.co\/VsBGbfw6ly","source":"\u003ca href=\"http:\/\/www.google.es\" rel=\"nofollow\"\u003e_Paisajes_\u003c\/a\u003e","truncated":false,"in_reply_to_status_id":null,"in_reply_to_status_id_str":null,"in_reply_to_user_id":null,"in_reply_to_user_id_str":null,"in_reply_to_screen_name":null,"user":{"id":1190505763,"id_str":"1190505763","name":"Paisajes Incre\u00edbles","screen_name":"_Paisajes_","location":"S\u00edguenos y viaja con nosotros.","description":"LAS MEJORES IM\u00c1GENES de naturaleza, animales y paisajes incre\u00edbles. Disfruta de la belleza de nuestro planeta.","url":null,"entities":{"description":{"urls":[]}},"protected":false,"followers_count":256364,"friends_count":5568,"listed_count":763,"created_at":"Sun Feb 17 17:55:30 +0000 2013","favourites_count":1,"utc_offset":null,"time_zone":null,"geo_enabled":false,"verified":false,"statuses_count":13956,"lang":"es","contributors_enabled":false,"is_translator":false,"profile_background_color":"C0DEED","profile_background_image_url":"http:\/\/a0.twimg.com\/profile_background_images\/890409633\/24722e45c87f7d4df832bb917dba60bb.jpeg","profile_background_image_url_https":"https:\/\/si0.twimg.com\/profile_background_images\/890409633\/24722e45c87f7d4df832bb917dba60bb.jpeg","profile_background_tile":false,"profile_image_url":"http:\/\/pbs.twimg.com\/profile_images\/3782021553\/cac4240510b984cb0c3ed7a90bc961a5_normal.jpeg","profile_image_url_https":"https:\/\/pbs.twimg.com\/profile_images\/3782021553\/cac4240510b984cb0c3ed7a90bc961a5_normal.jpeg","profile_banner_url":"https:\/\/pbs.twimg.com\/profile_banners\/1190505763\/1370885719","profile_link_color":"0084B4","profile_sidebar_border_color":"FFFFFF","profile_sidebar_fill_color":"DDEEF6","profile_text_color":"333333","profile_use_background_image":true,"default_profile":false,"default_profile_image":false,"following":null,"follow_request_sent":null,"notifications":null},"geo":null,"coordinates":null,"place":null,"contributors":null,"retweet_count":491,"favorite_count":152,"entities":{"hashtags":[],"symbols":[],"urls":[],"user_mentions":[],"media":[{"id":392255309390950401,"id_str":"392255309390950401","indices":[71,93],"media_url":"http:\/\/pbs.twimg.com\/media\/BXGSICmCMAElBA7.jpg","media_url_https":"https:\/\/pbs.twimg.com\/media\/BXGSICmCMAElBA7.jpg","url":"http:\/\/t.co\/VsBGbfw6ly","display_url":"pic.twitter.com\/VsBGbfw6ly","expanded_url":"http:\/\/twitter.com\/_Paisajes_\/status\/392255309516775425\/photo\/1","type":"photo","sizes":{"thumb":{"w":150,"h":150,"resize":"crop"},"large":{"w":566,"h":422,"resize":"fit"},"small":{"w":340,"h":253,"resize":"fit"},"medium":{"w":566,"h":422,"resize":"fit"}}}]},"favorited":false,"retweeted":false,"possibly_sensitive":false,"lang":"es"},{"metadata":{"result_type":"popular","iso_language_code":"es"},"created_at":"Sun Oct 20 15:57:54 +0000 2013","id":391956449355501568,"id_str":"391956449355501568","text":"Hotel tequendama (Colombia) abandonado en 1972 por personas que se suicidaron. Dato aportado por @_leongomez http:\/\/t.co\/m4FMHJGeav","source":"\u003ca href=\"http:\/\/www.google.es\" rel=\"nofollow\"\u003eEsAbandonado\u003c\/a\u003e","truncated":false,"in_reply_to_status_id":null,"in_reply_to_status_id_str":null,"in_reply_to_user_id":null,"in_reply_to_user_id_str":null,"in_reply_to_screen_name":null,"user":{"id":1678463904,"id_str":"1678463904","name":"Lugares Abandonados","screen_name":"EsAbandonado","location":"Lugares Abandonados","description":"Recopilamos incre\u00edbles fotograf\u00edas de sitios alejados y abandonados por el hombre. Realmente alucinante lo que hace la naturaleza.","url":null,"entities":{"description":{"urls":[]}},"protected":false,"followers_count":181873,"friends_count":0,"listed_count":322,"created_at":"Sat Aug 17 15:26:14 +0000 2013","favourites_count":0,"utc_offset":null,"time_zone":null,"geo_enabled":false,"verified":false,"statuses_count":145,"lang":"es","contributors_enabled":false,"is_translator":false,"profile_background_color":"131516","profile_background_image_url":"http:\/\/a0.twimg.com\/profile_background_images\/378800000053636633\/c2d8ae4cb5f079fd138ce438f90ee95c.jpeg","profile_background_image_url_https":"https:\/\/si0.twimg.com\/profile_background_images\/378800000053636633\/c2d8ae4cb5f079fd138ce438f90ee95c.jpeg","profile_background_tile":true,"profile_image_url":"http:\/\/a0.twimg.com\/profile_images\/378800000313456227\/169ac86eeca17dceeb5813f914f9f633_normal.jpeg","profile_image_url_https":"https:\/\/si0.twimg.com\/profile_images\/378800000313456227\/169ac86eeca17dceeb5813f914f9f633_normal.jpeg","profile_banner_url":"https:\/\/pbs.twimg.com\/profile_banners\/1678463904\/1376755259","profile_link_color":"009999","profile_sidebar_border_color":"FFFFFF","profile_sidebar_fill_color":"EFEFEF","profile_text_color":"333333","profile_use_background_image":true,"default_profile":false,"default_profile_image":false,"following":null,"follow_request_sent":null,"notifications":null},"geo":null,"coordinates":null,"place":null,"contributors":null,"retweet_count":392,"favorite_count":184,"entities":{"hashtags":[],"symbols":[],"urls":[],"user_mentions":[{"screen_name":"_leongomez","name":"Leo Gomez\u00ae","id":149298869,"id_str":"149298869","indices":[97,108]}],"media":[{"id":391956449292595200,"id_str":"391956449292595200","indices":[109,131],"media_url":"http:\/\/pbs.twimg.com\/media\/BXCCUF-CMAAfvyQ.jpg","media_url_https":"https:\/\/pbs.twimg.com\/media\/BXCCUF-CMAAfvyQ.jpg","url":"http:\/\/t.co\/m4FMHJGeav","display_url":"pic.twitter.com\/m4FMHJGeav","expanded_url":"http:\/\/twitter.com\/EsAbandonado\/status\/391956449355501568\/photo\/1","type":"photo","sizes":{"thumb":{"w":150,"h":150,"resize":"crop"},"small":{"w":340,"h":512,"resize":"fit"},"large":{"w":465,"h":700,"resize":"fit"},"medium":{"w":465,"h":700,"resize":"fit"}}}]},"favorited":false,"retweeted":false,"possibly_sensitive":false,"lang":"es"},{"metadata":{"result_type":"popular","iso_language_code":"en"},"created_at":"Sun Oct 20 18:56:18 +0000 2013","id":392001343608852480,"id_str":"392001343608852480","text":"I'VE LOCKED MYSULF IN MY HOTEL ROOM ND AM FINOLLY TWEETING WOT I WANT, INTERSCOPE HAVE HIRED A SWAT TEAM TO STOP ME BUT THEY CARNT CATCH ME!","source":"\u003ca href=\"http:\/\/twitter.com\/download\/iphone\" rel=\"nofollow\"\u003eTwitter for iPhone\u003c\/a\u003e","truncated":false,"in_reply_to_status_id":null,"in_reply_to_status_id_str":null,"in_reply_to_user_id":null,"in_reply_to_user_id_str":null,"in_reply_to_screen_name":null,"user":{"id":420595014,"id_str":"420595014","name":"Ladey Gags","screen_name":"LadeyGags","location":"thes is reel me @CalBro_","description":"mufer monstar - italeon - artflop is cummin - fashin ikon - musek artest","url":"http:\/\/t.co\/nm6hwDsF07","entities":{"url":{"urls":[{"url":"http:\/\/t.co\/nm6hwDsF07","expanded_url":"http:\/\/ladeygags.tumblr.com","display_url":"ladeygags.tumblr.com","indices":[0,22]}]},"description":{"urls":[]}},"protected":false,"followers_count":13276,"friends_count":47,"listed_count":81,"created_at":"Thu Nov 24 20:56:46 +0000 2011","favourites_count":2174,"utc_offset":3600,"time_zone":"London","geo_enabled":false,"verified":false,"statuses_count":1671,"lang":"en","contributors_enabled":false,"is_translator":false,"profile_background_color":"B0AFB0","profile_background_image_url":"http:\/\/a0.twimg.com\/profile_background_images\/378800000048571292\/c90737e11b5a048777410e74f55c41da.jpeg","profile_background_image_url_https":"https:\/\/si0.twimg.com\/profile_background_images\/378800000048571292\/c90737e11b5a048777410e74f55c41da.jpeg","profile_background_tile":false,"profile_image_url":"http:\/\/pbs.twimg.com\/profile_images\/378800000628785717\/cdf782ff148d7c1889a1896c5b194d87_normal.jpeg","profile_image_url_https":"https:\/\/pbs.twimg.com\/profile_images\/378800000628785717\/cdf782ff148d7c1889a1896c5b194d87_normal.jpeg","profile_banner_url":"https:\/\/pbs.twimg.com\/profile_banners\/420595014\/1382368019","profile_link_color":"0099CC","profile_sidebar_border_color":"FFFFFF","profile_sidebar_fill_color":"DDEEF6","profile_text_color":"333333","profile_use_background_image":true,"default_profile":false,"default_profile_image":false,"following":null,"follow_request_sent":null,"notifications":null},"geo":null,"coordinates":null,"place":null,"contributors":null,"retweet_count":290,"favorite_count":150,"entities":{"hashtags":[],"symbols":[],"urls":[],"user_mentions":[]},"favorited":false,"retweeted":false,"lang":"en"},{"metadata":{"result_type":"popular","iso_language_code":"en"},"created_at":"Mon Oct 21 10:11:30 +0000 2013","id":392231663108763649,"id_str":"392231663108763649","text":"The players have arrived in Milan. They now go to the team hotel. At 19:00, training session. Before, press conferences Alexis and Martino.","source":"web","truncated":false,"in_reply_to_status_id":null,"in_reply_to_status_id_str":null,"in_reply_to_user_id":null,"in_reply_to_user_id_str":null,"in_reply_to_screen_name":null,"user":{"id":38742405,"id_str":"38742405","name":"barcastuff","screen_name":"barcastuff","location":"","description":"FC Barcelona. Bar\u00e7a. A bit of news and stats, pictures and videos. The original countdown to the games. And one question every day. Inventor of [via ...]","url":"http:\/\/t.co\/OxecXlLqG7","entities":{"url":{"urls":[{"url":"http:\/\/t.co\/OxecXlLqG7","expanded_url":"http:\/\/unicef.org","display_url":"unicef.org","indices":[0,22]}]},"description":{"urls":[]}},"protected":false,"followers_count":305532,"friends_count":0,"listed_count":3854,"created_at":"Fri May 08 20:55:26 +0000 2009","favourites_count":2112,"utc_offset":7200,"time_zone":"Rome","geo_enabled":false,"verified":false,"statuses_count":116768,"lang":"en","contributors_enabled":false,"is_translator":false,"profile_background_color":"EBEBEB","profile_background_image_url":"http:\/\/abs.twimg.com\/images\/themes\/theme7\/bg.gif","profile_background_image_url_https":"https:\/\/abs.twimg.com\/images\/themes\/theme7\/bg.gif","profile_background_tile":false,"profile_image_url":"http:\/\/pbs.twimg.com\/profile_images\/309654707\/josep_pep_guardiola_barcelona_barca_twitter_normal.jpg","profile_image_url_https":"https:\/\/pbs.twimg.com\/profile_images\/309654707\/josep_pep_guardiola_barcelona_barca_twitter_normal.jpg","profile_link_color":"990000","profile_sidebar_border_color":"DFDFDF","profile_sidebar_fill_color":"F3F3F3","profile_text_color":"333333","profile_use_background_image":true,"default_profile":false,"default_profile_image":false,"following":null,"follow_request_sent":null,"notifications":null},"geo":null,"coordinates":null,"place":null,"contributors":null,"retweet_count":75,"favorite_count":12,"entities":{"hashtags":[],"symbols":[],"urls":[],"user_mentions":[]},"favorited":false,"retweeted":false,"lang":"en"},{"metadata":{"result_type":"popular","iso_language_code":"en"},"created_at":"Mon Oct 21 05:35:23 +0000 2013","id":392162177425362944,"id_str":"392162177425362944","text":"Zayn and Louis have apparently been sleeping in the busses\/vans at the arena and not at the hotel like the other boys! #BUS1 :)","source":"\u003ca href=\"http:\/\/twitter.com\/download\/iphone\" rel=\"nofollow\"\u003eTwitter for iPhone\u003c\/a\u003e","truncated":false,"in_reply_to_status_id":null,"in_reply_to_status_id_str":null,"in_reply_to_user_id":null,"in_reply_to_user_id_str":null,"in_reply_to_screen_name":null,"user":{"id":612924569,"id_str":"612924569","name":"1DAlert","screen_name":"1DAlert","location":"US x 2, DK, AUS","description":"Updating you with new information, pictures, videos, articles and more! || Joe, Sara, Brooke and Kaitlyn || Got a question? Ask us here: http:\/\/t.co\/yV3JaUmsgW","url":null,"entities":{"description":{"urls":[{"url":"http:\/\/t.co\/yV3JaUmsgW","expanded_url":"http:\/\/ask.fm\/DAlert","display_url":"ask.fm\/DAlert","indices":[137,159]}]}},"protected":false,"followers_count":259000,"friends_count":818,"listed_count":1007,"created_at":"Tue Jun 19 22:50:08 +0000 2012","favourites_count":5595,"utc_offset":-10800,"time_zone":"Atlantic Time (Canada)","geo_enabled":false,"verified":false,"statuses_count":127058,"lang":"en","contributors_enabled":false,"is_translator":false,"profile_background_color":"F8F8F8","profile_background_image_url":"http:\/\/a0.twimg.com\/profile_background_images\/785700579\/d894418011c9fe9352a27d7f344aa835.jpeg","profile_background_image_url_https":"https:\/\/si0.twimg.com\/profile_background_images\/785700579\/d894418011c9fe9352a27d7f344aa835.jpeg","profile_background_tile":false,"profile_image_url":"http:\/\/a0.twimg.com\/profile_images\/3226392479\/27af74405897867a5cd2c70280d1500c_normal.jpeg","profile_image_url_https":"https:\/\/si0.twimg.com\/profile_images\/3226392479\/27af74405897867a5cd2c70280d1500c_normal.jpeg","profile_banner_url":"https:\/\/pbs.twimg.com\/profile_banners\/612924569\/1357672991","profile_link_color":"3B5C7A","profile_sidebar_border_color":"FFFFFF","profile_sidebar_fill_color":"DDEEF6","profile_text_color":"333333","profile_use_background_image":true,"default_profile":false,"default_profile_image":false,"following":null,"follow_request_sent":null,"notifications":null},"geo":null,"coordinates":null,"place":null,"contributors":null,"retweet_count":209,"favorite_count":192,"entities":{"hashtags":[{"text":"BUS1","indices":[119,124]}],"symbols":[],"urls":[],"user_mentions":[]},"favorited":false,"retweeted":false,"lang":"en"},{"metadata":{"result_type":"popular","iso_language_code":"in"},"created_at":"Mon Oct 21 10:01:29 +0000 2013","id":392229143166738432,"id_str":"392229143166738432","text":"6 Hotel yang Punya Perpustakaan Keren Banget! http:\/\/t.co\/8hOcjbtX8A via @detiktravel","source":"\u003ca href=\"http:\/\/socmedcms.detik.com\" rel=\"nofollow\"\u003esocmedcms.detik.com\u003c\/a\u003e","truncated":false,"in_reply_to_status_id":null,"in_reply_to_status_id_str":null,"in_reply_to_user_id":null,"in_reply_to_user_id_str":null,"in_reply_to_screen_name":null,"user":{"id":69183155,"id_str":"69183155","name":"detikcom","screen_name":"detikcom","location":"Jakarta, Indonesia","description":"Official Twitter Account of http:\/\/t.co\/jLjA4ySP.\r\nContact: redaksi@detik.com | promosi@detik.com","url":"http:\/\/t.co\/hgjEaunlfZ","entities":{"url":{"urls":[{"url":"http:\/\/t.co\/hgjEaunlfZ","expanded_url":"http:\/\/www.detik.com","display_url":"detik.com","indices":[0,22]}]},"description":{"urls":[{"url":"http:\/\/t.co\/jLjA4ySP","expanded_url":"http:\/\/detik.com","display_url":"detik.com","indices":[28,48]}]}},"protected":false,"followers_count":6076537,"friends_count":30,"listed_count":10781,"created_at":"Thu Aug 27 03:03:05 +0000 2009","favourites_count":23,"utc_offset":25200,"time_zone":"Jakarta","geo_enabled":false,"verified":false,"statuses_count":493117,"lang":"en","contributors_enabled":false,"is_translator":false,"profile_background_color":"EDECE9","profile_background_image_url":"http:\/\/a0.twimg.com\/profile_background_images\/636030260\/mjmpvqcybkjev10lox2v.jpeg","profile_background_image_url_https":"https:\/\/si0.twimg.com\/profile_background_images\/636030260\/mjmpvqcybkjev10lox2v.jpeg","profile_background_tile":false,"profile_image_url":"http:\/\/a0.twimg.com\/profile_images\/378800000345480498\/c041c24de8e4acc0990ca8a1733b6868_normal.jpeg","profile_image_url_https":"https:\/\/si0.twimg.com\/profile_images\/378800000345480498\/c041c24de8e4acc0990ca8a1733b6868_normal.jpeg","profile_banner_url":"https:\/\/pbs.twimg.com\/profile_banners\/69183155\/1376650873","profile_link_color":"088253","profile_sidebar_border_color":"FFFFFF","profile_sidebar_fill_color":"E3E2DE","profile_text_color":"634047","profile_use_background_image":true,"default_profile":false,"default_profile_image":false,"following":null,"follow_request_sent":null,"notifications":null},"geo":null,"coordinates":null,"place":null,"contributors":null,"retweet_count":84,"favorite_count":15,"entities":{"hashtags":[],"symbols":[],"urls":[{"url":"http:\/\/t.co\/8hOcjbtX8A","expanded_url":"http:\/\/de.tk\/gZjbm","display_url":"de.tk\/gZjbm","indices":[46,68]}],"user_mentions":[{"screen_name":"detikTravel","name":"detikTravel","id":240113510,"id_str":"240113510","indices":[73,85]}]},"favorited":false,"retweeted":false,"possibly_sensitive":false,"lang":"in"},{"metadata":{"result_type":"popular","iso_language_code":"en"},"created_at":"Mon Oct 21 21:20:22 +0000 2013","id":392399990561050624,"id_str":"392399990561050624","text":"Dave Mustaine and I out on our morning walk, great to get out of the hotel. @Megadeth @DaveMustaine http:\/\/t.co\/Y8GHLOoszb","source":"\u003ca href=\"http:\/\/www.tweetdeck.com\" rel=\"nofollow\"\u003eTweetDeck\u003c\/a\u003e","truncated":false,"in_reply_to_status_id":null,"in_reply_to_status_id_str":null,"in_reply_to_user_id":null,"in_reply_to_user_id_str":null,"in_reply_to_screen_name":null,"user":{"id":606264558,"id_str":"606264558","name":"Tony Iommi","screen_name":"tonyiommi","location":"Birmingham, England","description":"The OFFICIAL Twitter feed for Tony Iommi; founding member and guitarist for Black Sabbath.","url":"http:\/\/t.co\/Ts00Oofj1k","entities":{"url":{"urls":[{"url":"http:\/\/t.co\/Ts00Oofj1k","expanded_url":"http:\/\/www.iommi.com","display_url":"iommi.com","indices":[0,22]}]},"description":{"urls":[]}},"protected":false,"followers_count":107662,"friends_count":7,"listed_count":515,"created_at":"Tue Jun 12 09:40:02 +0000 2012","favourites_count":1,"utc_offset":3600,"time_zone":"London","geo_enabled":false,"verified":true,"statuses_count":88,"lang":"en","contributors_enabled":false,"is_translator":false,"profile_background_color":"1A1B1F","profile_background_image_url":"http:\/\/a0.twimg.com\/profile_background_images\/606890324\/b763f9jgunanp09qqoey.jpeg","profile_background_image_url_https":"https:\/\/si0.twimg.com\/profile_background_images\/606890324\/b763f9jgunanp09qqoey.jpeg","profile_background_tile":false,"profile_image_url":"http:\/\/pbs.twimg.com\/profile_images\/2406391308\/xsa86gvhchei9ek1z99o_normal.jpeg","profile_image_url_https":"https:\/\/pbs.twimg.com\/profile_images\/2406391308\/xsa86gvhchei9ek1z99o_normal.jpeg","profile_link_color":"2FC2EF","profile_sidebar_border_color":"181A1E","profile_sidebar_fill_color":"252429","profile_text_color":"666666","profile_use_background_image":true,"default_profile":false,"default_profile_image":false,"following":null,"follow_request_sent":null,"notifications":null},"geo":null,"coordinates":null,"place":null,"contributors":null,"retweet_count":156,"favorite_count":184,"entities":{"hashtags":[],"symbols":[],"urls":[],"user_mentions":[{"screen_name":"Megadeth","name":"Megadeth","id":21163600,"id_str":"21163600","indices":[76,85]},{"screen_name":"DaveMustaine","name":"Dave Mustaine","id":45316175,"id_str":"45316175","indices":[86,99]}],"media":[{"id":392399990372302848,"id_str":"392399990372302848","indices":[100,122],"media_url":"http:\/\/pbs.twimg.com\/media\/BXIVtlQCAAAQBav.jpg","media_url_https":"https:\/\/pbs.twimg.com\/media\/BXIVtlQCAAAQBav.jpg","url":"http:\/\/t.co\/Y8GHLOoszb","display_url":"pic.twitter.com\/Y8GHLOoszb","expanded_url":"http:\/\/twitter.com\/tonyiommi\/status\/392399990561050624\/photo\/1","type":"photo","sizes":{"medium":{"w":600,"h":450,"resize":"fit"},"large":{"w":1024,"h":768,"resize":"fit"},"thumb":{"w":150,"h":150,"resize":"crop"},"small":{"w":340,"h":255,"resize":"fit"}}}]},"favorited":false,"retweeted":false,"possibly_sensitive":false,"lang":"en"},{"metadata":{"result_type":"popular","iso_language_code":"en"},"created_at":"Mon Oct 21 21:06:23 +0000 2013","id":392396472148574209,"id_str":"392396472148574209","text":"just to clarify I am not in any way angry or frustrated to be honest i am just sitting in my hotel room in Portharcourt chilling","source":"\u003ca href=\"http:\/\/itunes.apple.com\/us\/app\/twitter\/id409789998?mt=12\" rel=\"nofollow\"\u003eTwitter for Mac\u003c\/a\u003e","truncated":false,"in_reply_to_status_id":null,"in_reply_to_status_id_str":null,"in_reply_to_user_id":null,"in_reply_to_user_id_str":null,"in_reply_to_screen_name":null,"user":{"id":50844684,"id_str":"50844684","name":"Mr Moe Musa","screen_name":"MrMoemusa","location":"Sumwhere in London","description":"Currently in London n ready to shoot. Contact me on +234(0)8188690311 +44(0)7960351919 Email: MrMoeMusa@gmail.com","url":"http:\/\/t.co\/a5Rb89rNJC","entities":{"url":{"urls":[{"url":"http:\/\/t.co\/a5Rb89rNJC","expanded_url":"http:\/\/www.facebook.com\/MrMoeMusa1","display_url":"facebook.com\/MrMoeMusa1","indices":[0,22]}]},"description":{"urls":[]}},"protected":false,"followers_count":11838,"friends_count":1444,"listed_count":31,"created_at":"Fri Jun 26 00:40:55 +0000 2009","favourites_count":73,"utc_offset":3600,"time_zone":"London","geo_enabled":true,"verified":false,"statuses_count":7955,"lang":"en","contributors_enabled":false,"is_translator":false,"profile_background_color":"131516","profile_background_image_url":"http:\/\/abs.twimg.com\/images\/themes\/theme14\/bg.gif","profile_background_image_url_https":"https:\/\/abs.twimg.com\/images\/themes\/theme14\/bg.gif","profile_background_tile":true,"profile_image_url":"http:\/\/pbs.twimg.com\/profile_images\/378800000613740950\/6ab28ce00ae711cbc83027d0cb765793_normal.jpeg","profile_image_url_https":"https:\/\/pbs.twimg.com\/profile_images\/378800000613740950\/6ab28ce00ae711cbc83027d0cb765793_normal.jpeg","profile_banner_url":"https:\/\/pbs.twimg.com\/profile_banners\/50844684\/1381289656","profile_link_color":"009999","profile_sidebar_border_color":"EEEEEE","profile_sidebar_fill_color":"EFEFEF","profile_text_color":"333333","profile_use_background_image":true,"default_profile":false,"default_profile_image":false,"following":null,"follow_request_sent":null,"notifications":null},"geo":null,"coordinates":null,"place":null,"contributors":null,"retweet_count":74,"favorite_count":2,"entities":{"hashtags":[],"symbols":[],"urls":[],"user_mentions":[]},"favorited":false,"retweeted":false,"lang":"en"},{"metadata":{"result_type":"popular","iso_language_code":"en"},"created_at":"Sun Oct 20 14:55:09 +0000 2013","id":391940656307769344,"id_str":"391940656307769344","text":"The boys are back at the hotel! Harry was driving a car, He stopped beside a fan and said \"have a good night girls!\" (via @1DCOLUpdates)","source":"web","truncated":false,"in_reply_to_status_id":null,"in_reply_to_status_id_str":null,"in_reply_to_user_id":null,"in_reply_to_user_id_str":null,"in_reply_to_screen_name":null,"user":{"id":591661900,"id_str":"591661900","name":"1D UPDATES","screen_name":"1DUpdatesOnline","location":"","description":"7 of us giving you the most important updates about One Direction 24\/7! http:\/\/t.co\/0SxmG4j2VV","url":"http:\/\/t.co\/KvcUKpbYo7","entities":{"url":{"urls":[{"url":"http:\/\/t.co\/KvcUKpbYo7","expanded_url":"http:\/\/ask.fm\/OneDUpdatesOnline","display_url":"ask.fm\/OneDUpdatesOnl\u2026","indices":[0,22]}]},"description":{"urls":[{"url":"http:\/\/t.co\/0SxmG4j2VV","expanded_url":"http:\/\/www.twitlonger.com\/show\/n_1rmd5f6","display_url":"twitlonger.com\/show\/n_1rmd5f6","indices":[72,94]}]}},"protected":false,"followers_count":319015,"friends_count":228,"listed_count":1127,"created_at":"Sun May 27 09:02:57 +0000 2012","favourites_count":5665,"utc_offset":3600,"time_zone":"London","geo_enabled":false,"verified":false,"statuses_count":42045,"lang":"en","contributors_enabled":false,"is_translator":false,"profile_background_color":"000000","profile_background_image_url":"http:\/\/a0.twimg.com\/profile_background_images\/850256288\/6ab49828277447f0bdb990b85eacb2ad.png","profile_background_image_url_https":"https:\/\/si0.twimg.com\/profile_background_images\/850256288\/6ab49828277447f0bdb990b85eacb2ad.png","profile_background_tile":true,"profile_image_url":"http:\/\/pbs.twimg.com\/profile_images\/3031820850\/fd73637730558dd6883f0b35d020cd1a_normal.jpeg","profile_image_url_https":"https:\/\/pbs.twimg.com\/profile_images\/3031820850\/fd73637730558dd6883f0b35d020cd1a_normal.jpeg","profile_banner_url":"https:\/\/pbs.twimg.com\/profile_banners\/591661900\/1363437168","profile_link_color":"787878","profile_sidebar_border_color":"FFFFFF","profile_sidebar_fill_color":"252429","profile_text_color":"666666","profile_use_background_image":true,"default_profile":false,"default_profile_image":false,"following":null,"follow_request_sent":null,"notifications":null},"geo":null,"coordinates":null,"place":null,"contributors":null,"retweet_count":221,"favorite_count":335,"entities":{"hashtags":[],"symbols":[],"urls":[],"user_mentions":[{"screen_name":"1DCOLUpdates","name":"1D & 5SOS UPDATES WW","id":866757145,"id_str":"866757145","indices":[122,135]}]},"favorited":false,"retweeted":false,"lang":"en"},{"metadata":{"result_type":"popular","iso_language_code":"es"},"created_at":"Mon Oct 21 01:48:57 +0000 2013","id":392105193510154240,"id_str":"392105193510154240","text":"Noticieros: Atr\u00e1s de Hotel Debliz fue ubicado el autom\u00f3vil Audi de presuntos asaltantes de Liverpool http:\/\/t.co\/q4z5w0YtAN","source":"\u003ca href=\"http:\/\/blackberry.com\/twitter\" rel=\"nofollow\"\u003eTwitter for BlackBerry\u00ae\u003c\/a\u003e","truncated":false,"in_reply_to_status_id":null,"in_reply_to_status_id_str":null,"in_reply_to_user_id":null,"in_reply_to_user_id_str":null,"in_reply_to_screen_name":null,"user":{"id":89836546,"id_str":"89836546","name":"Telesur","screen_name":"TelesurCampeche","location":"Campeche","description":"Canal de Television lider en Campeche. Transmite via sat\u00e9lite a todo el Estado de Campeche a traves de Cablemas, Cablecom y SKY por el 628.","url":"http:\/\/t.co\/haLKoSEBe8","entities":{"url":{"urls":[{"url":"http:\/\/t.co\/haLKoSEBe8","expanded_url":"http:\/\/www.telesur.com.mx","display_url":"telesur.com.mx","indices":[0,22]}]},"description":{"urls":[]}},"protected":false,"followers_count":20423,"friends_count":395,"listed_count":115,"created_at":"Sat Nov 14 00:52:07 +0000 2009","favourites_count":0,"utc_offset":-21600,"time_zone":"Mountain Time (US & Canada)","geo_enabled":false,"verified":false,"statuses_count":7940,"lang":"es","contributors_enabled":false,"is_translator":false,"profile_background_color":"131516","profile_background_image_url":"http:\/\/a0.twimg.com\/profile_background_images\/687254773\/5e08094b672b16a044985518127bff4f.png","profile_background_image_url_https":"https:\/\/si0.twimg.com\/profile_background_images\/687254773\/5e08094b672b16a044985518127bff4f.png","profile_background_tile":true,"profile_image_url":"http:\/\/a0.twimg.com\/profile_images\/1489191221\/wall_normal.jpg","profile_image_url_https":"https:\/\/si0.twimg.com\/profile_images\/1489191221\/wall_normal.jpg","profile_banner_url":"https:\/\/pbs.twimg.com\/profile_banners\/89836546\/1361474244","profile_link_color":"009999","profile_sidebar_border_color":"FFFFFF","profile_sidebar_fill_color":"EFEFEF","profile_text_color":"333333","profile_use_background_image":true,"default_profile":false,"default_profile_image":false,"following":null,"follow_request_sent":null,"notifications":null},"geo":null,"coordinates":null,"place":null,"contributors":null,"retweet_count":69,"favorite_count":3,"entities":{"hashtags":[],"symbols":[],"urls":[],"user_mentions":[],"media":[{"id":392105193283674112,"id_str":"392105193283674112","indices":[101,123],"media_url":"http:\/\/pbs.twimg.com\/media\/BXEJmIhCYAAJ3ze.jpg","media_url_https":"https:\/\/pbs.twimg.com\/media\/BXEJmIhCYAAJ3ze.jpg","url":"http:\/\/t.co\/q4z5w0YtAN","display_url":"pic.twitter.com\/q4z5w0YtAN","expanded_url":"http:\/\/twitter.com\/TelesurCampeche\/status\/392105193510154240\/photo\/1","type":"photo","sizes":{"medium":{"w":600,"h":450,"resize":"fit"},"thumb":{"w":150,"h":150,"resize":"crop"},"small":{"w":340,"h":255,"resize":"fit"},"large":{"w":640,"h":480,"resize":"fit"}}}]},"favorited":false,"retweeted":false,"possibly_sensitive":false,"lang":"es"},{"metadata":{"result_type":"popular","iso_language_code":"es"},"created_at":"Mon Oct 21 11:10:50 +0000 2013","id":392246594567163904,"id_str":"392246594567163904","text":"En Mil\u00e1n! Llegamos al hotel de concentraci\u00f3n. #VamosBar\u00e7a #FCBlive","source":"\u003ca href=\"http:\/\/twitter.com\/download\/iphone\" rel=\"nofollow\"\u003eTwitter for iPhone\u003c\/a\u003e","truncated":false,"in_reply_to_status_id":null,"in_reply_to_status_id_str":null,"in_reply_to_user_id":null,"in_reply_to_user_id_str":null,"in_reply_to_screen_name":null,"user":{"id":487999637,"id_str":"487999637","name":"Jos\u00e9 Manuel Pinto","screen_name":"13_Pinto","location":"","description":"Jugador del F.C. Barcelona y Productor Musical; CEO y Fundador de @WMakinaciones \/\/F.C Barcelona player & Music Producer; CEO & Founder of @WMakinaciones","url":"http:\/\/t.co\/1UgQrLQVJ9","entities":{"url":{"urls":[{"url":"http:\/\/t.co\/1UgQrLQVJ9","expanded_url":"http:\/\/www.facebook.com\/13Pinto","display_url":"facebook.com\/13Pinto","indices":[0,22]}]},"description":{"urls":[]}},"protected":false,"followers_count":631217,"friends_count":45,"listed_count":2103,"created_at":"Thu Feb 09 23:44:18 +0000 2012","favourites_count":0,"utc_offset":7200,"time_zone":"Amsterdam","geo_enabled":false,"verified":true,"statuses_count":2463,"lang":"es","contributors_enabled":false,"is_translator":false,"profile_background_color":"003333","profile_background_image_url":"http:\/\/a0.twimg.com\/profile_background_images\/378800000025864638\/b2af5feaad12fe6c06ed1977cf1aa5ff.jpeg","profile_background_image_url_https":"https:\/\/si0.twimg.com\/profile_background_images\/378800000025864638\/b2af5feaad12fe6c06ed1977cf1aa5ff.jpeg","profile_background_tile":false,"profile_image_url":"http:\/\/a0.twimg.com\/profile_images\/378800000156585142\/086341e422380f8076c390d085d3dd53_normal.jpeg","profile_image_url_https":"https:\/\/si0.twimg.com\/profile_images\/378800000156585142\/086341e422380f8076c390d085d3dd53_normal.jpeg","profile_banner_url":"https:\/\/pbs.twimg.com\/profile_banners\/487999637\/1374054889","profile_link_color":"0084B4","profile_sidebar_border_color":"000000","profile_sidebar_fill_color":"DDEEF6","profile_text_color":"333333","profile_use_background_image":true,"default_profile":false,"default_profile_image":false,"following":null,"follow_request_sent":null,"notifications":null},"geo":null,"coordinates":null,"place":null,"contributors":null,"retweet_count":101,"favorite_count":32,"entities":{"hashtags":[{"text":"VamosBar\u00e7a","indices":[46,57]},{"text":"FCBlive","indices":[58,66]}],"symbols":[],"urls":[],"user_mentions":[]},"favorited":false,"retweeted":false,"lang":"es"},{"metadata":{"result_type":"popular","iso_language_code":"es"},"created_at":"Sun Oct 20 23:46:01 +0000 2013","id":392074256646799360,"id_str":"392074256646799360","text":"Todos los bailarines de Justin se encuentran en el Hotel 'Hilton' de Rep\u00fablica Dominicana! #HK","source":"\u003ca href=\"http:\/\/www.tweetdeck.com\" rel=\"nofollow\"\u003eTweetDeck\u003c\/a\u003e","truncated":false,"in_reply_to_status_id":null,"in_reply_to_status_id_str":null,"in_reply_to_user_id":null,"in_reply_to_user_id_str":null,"in_reply_to_screen_name":null,"user":{"id":188363858,"id_str":"188363858","name":"Hechos Kidrauhl \u2122","screen_name":"HechossKidrauhl","location":"Playing videogames with Ryan. ","description":"Cuenta dedicada al inspirador canadiense Justin Bieber || Noticias || Coberturas || Rumores aclarados || Fotos || V\u00eddeos || Due\u00f1a: Mey & Co.wns || IG: Hkidrauhl","url":"http:\/\/t.co\/BgiiY7qiPF","entities":{"url":{"urls":[{"url":"http:\/\/t.co\/BgiiY7qiPF","expanded_url":"http:\/\/hechosskidrauhl.tumblr.com\/","display_url":"hechosskidrauhl.tumblr.com","indices":[0,22]}]},"description":{"urls":[]}},"protected":false,"followers_count":73895,"friends_count":7124,"listed_count":358,"created_at":"Wed Sep 08 15:17:09 +0000 2010","favourites_count":9863,"utc_offset":-16200,"time_zone":"Caracas","geo_enabled":true,"verified":false,"statuses_count":104140,"lang":"es","contributors_enabled":false,"is_translator":false,"profile_background_color":"04050A","profile_background_image_url":"http:\/\/a0.twimg.com\/profile_background_images\/378800000089024709\/130a0bfb02d1b21ad30a1529a3e6372b.png","profile_background_image_url_https":"https:\/\/si0.twimg.com\/profile_background_images\/378800000089024709\/130a0bfb02d1b21ad30a1529a3e6372b.png","profile_background_tile":false,"profile_image_url":"http:\/\/a0.twimg.com\/profile_images\/378800000554609626\/93aac33ef0abb2a377c8e76e83be4779_normal.png","profile_image_url_https":"https:\/\/si0.twimg.com\/profile_images\/378800000554609626\/93aac33ef0abb2a377c8e76e83be4779_normal.png","profile_banner_url":"https:\/\/pbs.twimg.com\/profile_banners\/188363858\/1381031816","profile_link_color":"D42836","profile_sidebar_border_color":"000000","profile_sidebar_fill_color":"7AC3EE","profile_text_color":"3D1957","profile_use_background_image":true,"default_profile":false,"default_profile_image":false,"following":null,"follow_request_sent":null,"notifications":null},"geo":null,"coordinates":null,"place":null,"contributors":null,"retweet_count":130,"favorite_count":42,"entities":{"hashtags":[{"text":"HK","indices":[91,94]}],"symbols":[],"urls":[],"user_mentions":[]},"favorited":false,"retweeted":false,"lang":"es"},{"metadata":{"result_type":"popular","iso_language_code":"en"},"created_at":"Mon Oct 21 06:20:54 +0000 2013","id":392173630399860736,"id_str":"392173630399860736","text":"new blog post.... NAKED IN MY HOTEL ROOM http:\/\/t.co\/8sF2kUalEb","source":"web","truncated":false,"in_reply_to_status_id":null,"in_reply_to_status_id_str":null,"in_reply_to_user_id":null,"in_reply_to_user_id_str":null,"in_reply_to_screen_name":null,"user":{"id":18588279,"id_str":"18588279","name":"Shane Dawson","screen_name":"shanedawson","location":"Hollywood, CA","description":"director-actor-youtuber-podcaster-musician-cross dresser","url":"http:\/\/t.co\/lcSpONhUWQ","entities":{"url":{"urls":[{"url":"http:\/\/t.co\/lcSpONhUWQ","expanded_url":"http:\/\/www.youtube.com\/shanedawsontv","display_url":"youtube.com\/shanedawsontv","indices":[0,22]}]},"description":{"urls":[]}},"protected":false,"followers_count":1482962,"friends_count":16414,"listed_count":10769,"created_at":"Sat Jan 03 22:10:33 +0000 2009","favourites_count":267,"utc_offset":-25200,"time_zone":"Pacific Time (US & Canada)","geo_enabled":false,"verified":true,"statuses_count":15784,"lang":"en","contributors_enabled":false,"is_translator":false,"profile_background_color":"FFFFFF","profile_background_image_url":"http:\/\/a0.twimg.com\/profile_background_images\/890122415\/2a9fab17327b297342e1e2ec897e8fc0.png","profile_background_image_url_https":"https:\/\/si0.twimg.com\/profile_background_images\/890122415\/2a9fab17327b297342e1e2ec897e8fc0.png","profile_background_tile":false,"profile_image_url":"http:\/\/a0.twimg.com\/profile_images\/378800000498949845\/66bc2747af7a9d4d19e867225438bb0b_normal.jpeg","profile_image_url_https":"https:\/\/si0.twimg.com\/profile_images\/378800000498949845\/66bc2747af7a9d4d19e867225438bb0b_normal.jpeg","profile_banner_url":"https:\/\/pbs.twimg.com\/profile_banners\/18588279\/1379964874","profile_link_color":"000000","profile_sidebar_border_color":"FFFFFF","profile_sidebar_fill_color":"FFFFFF","profile_text_color":"474447","profile_use_background_image":false,"default_profile":false,"default_profile_image":false,"following":null,"follow_request_sent":null,"notifications":null},"geo":null,"coordinates":null,"place":null,"contributors":null,"retweet_count":84,"favorite_count":216,"entities":{"hashtags":[],"symbols":[],"urls":[{"url":"http:\/\/t.co\/8sF2kUalEb","expanded_url":"http:\/\/sdarmy.shanedawsontv.com\/topic\/13709-naked-in-my-hotel\/","display_url":"sdarmy.shanedawsontv.com\/topic\/13709-na\u2026","indices":[41,63]}],"user_mentions":[]},"favorited":false,"retweeted":false,"possibly_sensitive":false,"lang":"en"},{"metadata":{"result_type":"recent","iso_language_code":"en"},"created_at":"Tue Oct 22 05:15:24 +0000 2013","id":392519533606354944,"id_str":"392519533606354944","text":"RT @Mwirigi: Loving the @YasViceroy hotel already. They have Kenyan staff!!","source":"\u003ca href=\"http:\/\/twitter.com\" rel=\"nofollow\"\u003eTwitter Web Client\u003c\/a\u003e","truncated":false,"in_reply_to_status_id":null,"in_reply_to_status_id_str":null,"in_reply_to_user_id":null,"in_reply_to_user_id_str":null,"in_reply_to_screen_name":null,"user":{"id":47581500,"id_str":"47581500","name":"Yas Viceroy AbuDhabi","screen_name":"YasViceroy","location":"The Yas Island, Abu Dhabi","description":"Remember to Live","url":"http:\/\/t.co\/uecq22iykA","entities":{"url":{"urls":[{"url":"http:\/\/t.co\/uecq22iykA","expanded_url":"http:\/\/www.viceroyhotelsandresorts.com\/abudhabi\/","display_url":"viceroyhotelsandresorts.com\/abudhabi\/","indices":[0,22]}]},"description":{"urls":[]}},"protected":false,"followers_count":3558,"friends_count":1922,"listed_count":96,"created_at":"Tue Jun 16 08:57:39 +0000 2009","favourites_count":21,"utc_offset":14400,"time_zone":"Abu Dhabi","geo_enabled":true,"verified":false,"statuses_count":2162,"lang":"en","contributors_enabled":false,"is_translator":false,"profile_background_color":"006885","profile_background_image_url":"http:\/\/a0.twimg.com\/profile_background_images\/447385533\/Yas_TYH_Exterior4.jpg","profile_background_image_url_https":"https:\/\/si0.twimg.com\/profile_background_images\/447385533\/Yas_TYH_Exterior4.jpg","profile_background_tile":true,"profile_image_url":"http:\/\/pbs.twimg.com\/profile_images\/1605151194\/Twitter_pic_copy_normal.jpg","profile_image_url_https":"https:\/\/pbs.twimg.com\/profile_images\/1605151194\/Twitter_pic_copy_normal.jpg","profile_banner_url":"https:\/\/pbs.twimg.com\/profile_banners\/47581500\/1369290599","profile_link_color":"006885","profile_sidebar_border_color":"FFFFFF","profile_sidebar_fill_color":"252429","profile_text_color":"666666","profile_use_background_image":false,"default_profile":false,"default_profile_image":false,"following":null,"follow_request_sent":null,"notifications":null},"geo":null,"coordinates":null,"place":null,"contributors":null,"retweeted_status":{"metadata":{"result_type":"recent","iso_language_code":"en"},"created_at":"Mon Oct 21 19:51:06 +0000 2013","id":392377524732182529,"id_str":"392377524732182529","text":"Loving the @YasViceroy hotel already. They have Kenyan staff!!","source":"\u003ca href=\"http:\/\/www.motogari.co.ke\" rel=\"nofollow\"\u003e@Mwirigi\u003c\/a\u003e","truncated":false,"in_reply_to_status_id":null,"in_reply_to_status_id_str":null,"in_reply_to_user_id":null,"in_reply_to_user_id_str":null,"in_reply_to_screen_name":null,"user":{"id":16463639,"id_str":"16463639","name":"Bobby","screen_name":"Mwirigi","location":"Nairobi, Kenya. ","description":"Interesting individual (part-time) with a passion for tech, @Motogari's alter ego, Founder of @MulikaMwizi_ . I'm the guy who decided to slice bread. #KCCO","url":"http:\/\/t.co\/tsfvuXhOwl","entities":{"url":{"urls":[{"url":"http:\/\/t.co\/tsfvuXhOwl","expanded_url":"http:\/\/www.mulikamwizi.com","display_url":"mulikamwizi.com","indices":[0,22]}]},"description":{"urls":[]}},"protected":false,"followers_count":8761,"friends_count":1297,"listed_count":144,"created_at":"Fri Sep 26 04:20:50 +0000 2008","favourites_count":857,"utc_offset":10800,"time_zone":"Nairobi","geo_enabled":true,"verified":false,"statuses_count":60769,"lang":"en","contributors_enabled":false,"is_translator":false,"profile_background_color":"000000","profile_background_image_url":"http:\/\/a0.twimg.com\/profile_background_images\/105730943\/mwirigi.jpg","profile_background_image_url_https":"https:\/\/si0.twimg.com\/profile_background_images\/105730943\/mwirigi.jpg","profile_background_tile":false,"profile_image_url":"http:\/\/pbs.twimg.com\/profile_images\/378800000533856949\/d6f2b2a8ff41b9568efd1842fc800f25_normal.jpeg","profile_image_url_https":"https:\/\/pbs.twimg.com\/profile_images\/378800000533856949\/d6f2b2a8ff41b9568efd1842fc800f25_normal.jpeg","profile_banner_url":"https:\/\/pbs.twimg.com\/profile_banners\/16463639\/1382001764","profile_link_color":"A88314","profile_sidebar_border_color":"000000","profile_sidebar_fill_color":"000000","profile_text_color":"635859","profile_use_background_image":true,"default_profile":false,"default_profile_image":false,"following":null,"follow_request_sent":null,"notifications":null},"geo":null,"coordinates":null,"place":null,"contributors":null,"retweet_count":1,"favorite_count":0,"entities":{"hashtags":[],"symbols":[],"urls":[],"user_mentions":[{"screen_name":"YasViceroy","name":"Yas Viceroy AbuDhabi","id":47581500,"id_str":"47581500","indices":[11,22]}]},"favorited":false,"retweeted":false,"lang":"en"},"retweet_count":1,"favorite_count":0,"entities":{"hashtags":[],"symbols":[],"urls":[],"user_mentions":[{"screen_name":"Mwirigi","name":"Bobby","id":16463639,"id_str":"16463639","indices":[3,11]},{"screen_name":"YasViceroy","name":"Yas Viceroy AbuDhabi","id":47581500,"id_str":"47581500","indices":[24,35]}]},"favorited":false,"retweeted":false,"lang":"en"},{"metadata":{"result_type":"recent","iso_language_code":"en"},"created_at":"Tue Oct 22 05:15:23 +0000 2013","id":392519529248882688,"id_str":"392519529248882688","text":"Michael Keeth at the Viceroy Hotel\nOctober 23, 2013 - 7:00 pm\nViceroy Hotel\n415 S. Belardo Rd.\nPalm Springs,... http:\/\/t.co\/eJhPjGcfVh","source":"\u003ca href=\"http:\/\/www.facebook.com\/twitter\" rel=\"nofollow\"\u003eFacebook\u003c\/a\u003e","truncated":false,"in_reply_to_status_id":null,"in_reply_to_status_id_str":null,"in_reply_to_user_id":null,"in_reply_to_user_id_str":null,"in_reply_to_screen_name":null,"user":{"id":484219665,"id_str":"484219665","name":"Coachella Valley","screen_name":"AnInsidersGuide","location":"Coachella Valley California","description":"Insiders Guide to the Coachella Valley","url":"http:\/\/t.co\/OMah0fUDYp","entities":{"url":{"urls":[{"url":"http:\/\/t.co\/OMah0fUDYp","expanded_url":"http:\/\/facebook.com\/TheCoachellaValley","display_url":"facebook.com\/TheCoachellaVa\u2026","indices":[0,22]}]},"description":{"urls":[]}},"protected":false,"followers_count":76,"friends_count":81,"listed_count":0,"created_at":"Sun Feb 05 21:26:33 +0000 2012","favourites_count":5,"utc_offset":-25200,"time_zone":"Arizona","geo_enabled":false,"verified":false,"statuses_count":1129,"lang":"en","contributors_enabled":false,"is_translator":false,"profile_background_color":"FFF04D","profile_background_image_url":"http:\/\/abs.twimg.com\/images\/themes\/theme19\/bg.gif","profile_background_image_url_https":"https:\/\/abs.twimg.com\/images\/themes\/theme19\/bg.gif","profile_background_tile":false,"profile_image_url":"http:\/\/pbs.twimg.com\/profile_images\/378800000465846548\/a9d08aa3277b87d1171a88c4d4614663_normal.jpeg","profile_image_url_https":"https:\/\/pbs.twimg.com\/profile_images\/378800000465846548\/a9d08aa3277b87d1171a88c4d4614663_normal.jpeg","profile_link_color":"0099CC","profile_sidebar_border_color":"FFF8AD","profile_sidebar_fill_color":"F6FFD1","profile_text_color":"333333","profile_use_background_image":true,"default_profile":false,"default_profile_image":false,"following":null,"follow_request_sent":null,"notifications":null},"geo":null,"coordinates":null,"place":null,"contributors":null,"retweet_count":0,"favorite_count":0,"entities":{"hashtags":[],"symbols":[],"urls":[{"url":"http:\/\/t.co\/eJhPjGcfVh","expanded_url":"http:\/\/fb.me\/2bWrKZZIo","display_url":"fb.me\/2bWrKZZIo","indices":[112,134]}],"user_mentions":[]},"favorited":false,"retweeted":false,"possibly_sensitive":false,"lang":"en"},{"metadata":{"result_type":"recent","iso_language_code":"en"},"created_at":"Tue Oct 22 05:15:22 +0000 2013","id":392519527688204288,"id_str":"392519527688204288","text":"At dis hotel wit nun 2 do Dm me if u wanna chill","source":"\u003ca href=\"http:\/\/twitter.com\/download\/android\" rel=\"nofollow\"\u003eTwitter for Android\u003c\/a\u003e","truncated":false,"in_reply_to_status_id":null,"in_reply_to_status_id_str":null,"in_reply_to_user_id":null,"in_reply_to_user_id_str":null,"in_reply_to_screen_name":null,"user":{"id":1666700970,"id_str":"1666700970","name":"#FreeAgent_WarTorn\u2122\u2026","screen_name":"Blessed_Child94","location":"","description":"#JustLivingLife","url":null,"entities":{"description":{"urls":[]}},"protected":false,"followers_count":155,"friends_count":454,"listed_count":0,"created_at":"Tue Aug 13 04:06:38 +0000 2013","favourites_count":74,"utc_offset":null,"time_zone":null,"geo_enabled":false,"verified":false,"statuses_count":739,"lang":"en","contributors_enabled":false,"is_translator":false,"profile_background_color":"C0DEED","profile_background_image_url":"http:\/\/abs.twimg.com\/images\/themes\/theme1\/bg.png","profile_background_image_url_https":"https:\/\/abs.twimg.com\/images\/themes\/theme1\/bg.png","profile_background_tile":false,"profile_image_url":"http:\/\/a0.twimg.com\/profile_images\/378800000320054737\/92b9387d67a20bb459fe7600e9101d85_normal.jpeg","profile_image_url_https":"https:\/\/si0.twimg.com\/profile_images\/378800000320054737\/92b9387d67a20bb459fe7600e9101d85_normal.jpeg","profile_banner_url":"https:\/\/pbs.twimg.com\/profile_banners\/1666700970\/1376860014","profile_link_color":"0084B4","profile_sidebar_border_color":"C0DEED","profile_sidebar_fill_color":"DDEEF6","profile_text_color":"333333","profile_use_background_image":true,"default_profile":true,"default_profile_image":false,"following":null,"follow_request_sent":null,"notifications":null},"geo":null,"coordinates":null,"place":null,"contributors":null,"retweet_count":0,"favorite_count":0,"entities":{"hashtags":[],"symbols":[],"urls":[],"user_mentions":[]},"favorited":false,"retweeted":false,"lang":"en"},{"metadata":{"result_type":"recent","iso_language_code":"in"},"created_at":"Tue Oct 22 05:15:20 +0000 2013","id":392519520142626816,"id_str":"392519520142626816","text":"malu dikit haha\"@infomataram: Poin Lombok 'kalah' dlm aspek keramahan, hotel, restoran, keunikan, dan aktivitas dibanding Bali.\"","source":"\u003ca href=\"http:\/\/twitter.com\/download\/android\" rel=\"nofollow\"\u003eTwitter for Android\u003c\/a\u003e","truncated":false,"in_reply_to_status_id":null,"in_reply_to_status_id_str":null,"in_reply_to_user_id":null,"in_reply_to_user_id_str":null,"in_reply_to_screen_name":null,"user":{"id":105972349,"id_str":"105972349","name":"Vidies Desember03","screen_name":"NengBaiq_","location":"Mataram, Indonesia","description":"MIPA Fisika \/Geofisika\/ 09 Unram | #AkuCintaIslam | banyak spam hati2 kalo difollow!","url":"http:\/\/t.co\/HoMSGgQfN3","entities":{"url":{"urls":[{"url":"http:\/\/t.co\/HoMSGgQfN3","expanded_url":"http:\/\/twitter.com\/BehikmaVY","display_url":"twitter.com\/BehikmaVY","indices":[0,22]}]},"description":{"urls":[]}},"protected":false,"followers_count":225,"friends_count":109,"listed_count":0,"created_at":"Mon Jan 18 03:06:39 +0000 2010","favourites_count":667,"utc_offset":3600,"time_zone":"London","geo_enabled":true,"verified":false,"statuses_count":19749,"lang":"en","contributors_enabled":false,"is_translator":false,"profile_background_color":"199653","profile_background_image_url":"http:\/\/a0.twimg.com\/profile_background_images\/881615158\/323f997a6ab1ccee48361f120076e42d.jpeg","profile_background_image_url_https":"https:\/\/si0.twimg.com\/profile_background_images\/881615158\/323f997a6ab1ccee48361f120076e42d.jpeg","profile_background_tile":true,"profile_image_url":"http:\/\/pbs.twimg.com\/profile_images\/378800000587004810\/e796860699689459d10ecd23d6b2a53a_normal.jpeg","profile_image_url_https":"https:\/\/pbs.twimg.com\/profile_images\/378800000587004810\/e796860699689459d10ecd23d6b2a53a_normal.jpeg","profile_banner_url":"https:\/\/pbs.twimg.com\/profile_banners\/105972349\/1379489571","profile_link_color":"088A50","profile_sidebar_border_color":"000000","profile_sidebar_fill_color":"99CC33","profile_text_color":"3E4415","profile_use_background_image":true,"default_profile":false,"default_profile_image":false,"following":null,"follow_request_sent":null,"notifications":null},"geo":{"type":"Point","coordinates":[-8.5867376,116.0928932]},"coordinates":{"type":"Point","coordinates":[116.0928932,-8.5867376]},"place":{"id":"6f2a5868ada69424","url":"https:\/\/api.twitter.com\/1.1\/geo\/id\/6f2a5868ada69424.json","place_type":"city","name":"Mataram","full_name":"Mataram, Kota Mataram","country_code":"ID","country":"Indonesia","contained_within":[],"bounding_box":{"type":"Polygon","coordinates":[[[116.0865381,-8.608804],[116.127196,-8.608804],[116.127196,-8.554822],[116.0865381,-8.554822]]]},"attributes":{}},"contributors":null,"retweet_count":0,"favorite_count":0,"entities":{"hashtags":[],"symbols":[],"urls":[],"user_mentions":[{"screen_name":"infomataram","name":"INFO KOTA MATARAM","id":158628812,"id_str":"158628812","indices":[16,28]}]},"favorited":false,"retweeted":false,"lang":"in"},{"metadata":{"result_type":"recent","iso_language_code":"en"},"created_at":"Tue Oct 22 05:15:20 +0000 2013","id":392519519467360256,"id_str":"392519519467360256","text":"@YMTuanIzram haha!  @suffiakmal I'm done with my reserach! Tmpt mkan, hotel, shoping.. Shoping, n shoping! Haha","source":"\u003ca href=\"http:\/\/blackberry.com\/twitter\" rel=\"nofollow\"\u003eTwitter for BlackBerry\u00ae\u003c\/a\u003e","truncated":false,"in_reply_to_status_id":392518006170849280,"in_reply_to_status_id_str":"392518006170849280","in_reply_to_user_id":927418627,"in_reply_to_user_id_str":"927418627","in_reply_to_screen_name":"YMTuanIzram","user":{"id":257841666,"id_str":"257841666","name":"IzzatEmirIbrahim","screen_name":"izzat_emir","location":"perlis","description":"a happily person ever!~! love people around me...(=","url":null,"entities":{"description":{"urls":[]}},"protected":false,"followers_count":63,"friends_count":78,"listed_count":0,"created_at":"Sat Feb 26 09:19:46 +0000 2011","favourites_count":6,"utc_offset":-28800,"time_zone":"Alaska","geo_enabled":true,"verified":false,"statuses_count":1182,"lang":"en","contributors_enabled":false,"is_translator":false,"profile_background_color":"EBEBEB","profile_background_image_url":"http:\/\/abs.twimg.com\/images\/themes\/theme7\/bg.gif","profile_background_image_url_https":"https:\/\/abs.twimg.com\/images\/themes\/theme7\/bg.gif","profile_background_tile":false,"profile_image_url":"http:\/\/a0.twimg.com\/profile_images\/378800000461075776\/a3e39c7182b04ebe845f4c329d8e571d_normal.jpeg","profile_image_url_https":"https:\/\/si0.twimg.com\/profile_images\/378800000461075776\/a3e39c7182b04ebe845f4c329d8e571d_normal.jpeg","profile_link_color":"990000","profile_sidebar_border_color":"DFDFDF","profile_sidebar_fill_color":"F3F3F3","profile_text_color":"333333","profile_use_background_image":true,"default_profile":false,"default_profile_image":false,"following":null,"follow_request_sent":null,"notifications":null},"geo":null,"coordinates":null,"place":null,"contributors":null,"retweet_count":0,"favorite_count":0,"entities":{"hashtags":[],"symbols":[],"urls":[],"user_mentions":[{"screen_name":"YMTuanIzram","name":"TiZ | Tuan Izram","id":927418627,"id_str":"927418627","indices":[0,12]},{"screen_name":"suffiakmal","name":"Kesuma","id":270426904,"id_str":"270426904","indices":[20,31]}]},"favorited":false,"retweeted":false,"lang":"en"},{"metadata":{"result_type":"recent","iso_language_code":"de"},"created_at":"Tue Oct 22 05:15:20 +0000 2013","id":392519518511460352,"id_str":"392519518511460352","text":"I'm at Hotel Bollant's im Park (Bad Sobernheim, Rheinland-Pfalz) http:\/\/t.co\/8ZsqsKgqDM","source":"\u003ca href=\"http:\/\/foursquare.com\" rel=\"nofollow\"\u003efoursquare\u003c\/a\u003e","truncated":false,"in_reply_to_status_id":null,"in_reply_to_status_id_str":null,"in_reply_to_user_id":null,"in_reply_to_user_id_str":null,"in_reply_to_screen_name":null,"user":{"id":1438214942,"id_str":"1438214942","name":"Onur Atila","screen_name":"atila_onur","location":"munki","description":"","url":null,"entities":{"description":{"urls":[]}},"protected":false,"followers_count":14,"friends_count":18,"listed_count":0,"created_at":"Sat May 18 12:04:07 +0000 2013","favourites_count":1,"utc_offset":null,"time_zone":null,"geo_enabled":false,"verified":false,"statuses_count":218,"lang":"tr","contributors_enabled":false,"is_translator":false,"profile_background_color":"C0DEED","profile_background_image_url":"http:\/\/abs.twimg.com\/images\/themes\/theme1\/bg.png","profile_background_image_url_https":"https:\/\/abs.twimg.com\/images\/themes\/theme1\/bg.png","profile_background_tile":false,"profile_image_url":"http:\/\/pbs.twimg.com\/profile_images\/3680737433\/bbbe89b18323c85ab3305fa23abf63bd_normal.jpeg","profile_image_url_https":"https:\/\/pbs.twimg.com\/profile_images\/3680737433\/bbbe89b18323c85ab3305fa23abf63bd_normal.jpeg","profile_banner_url":"https:\/\/pbs.twimg.com\/profile_banners\/1438214942\/1368943494","profile_link_color":"0084B4","profile_sidebar_border_color":"C0DEED","profile_sidebar_fill_color":"DDEEF6","profile_text_color":"333333","profile_use_background_image":true,"default_profile":true,"default_profile_image":false,"following":null,"follow_request_sent":null,"notifications":null},"geo":null,"coordinates":null,"place":null,"contributors":null,"retweet_count":0,"favorite_count":0,"entities":{"hashtags":[],"symbols":[],"urls":[{"url":"http:\/\/t.co\/8ZsqsKgqDM","expanded_url":"http:\/\/4sq.com\/1iakUCX","display_url":"4sq.com\/1iakUCX","indices":[65,87]}],"user_mentions":[]},"favorited":false,"retweeted":false,"possibly_sensitive":false,"lang":"de"},{"metadata":{"result_type":"recent","iso_language_code":"en"},"created_at":"Tue Oct 22 05:15:19 +0000 2013","id":392519516003241984,"id_str":"392519516003241984","text":"I love a good hotel room :)","source":"\u003ca href=\"http:\/\/twitter.com\/download\/iphone\" rel=\"nofollow\"\u003eTwitter for iPhone\u003c\/a\u003e","truncated":false,"in_reply_to_status_id":null,"in_reply_to_status_id_str":null,"in_reply_to_user_id":null,"in_reply_to_user_id_str":null,"in_reply_to_screen_name":null,"user":{"id":19973460,"id_str":"19973460","name":"Emily Kemper","screen_name":"astaire99","location":"Evansville, Indiana","description":"music and laughter make life better","url":null,"entities":{"description":{"urls":[]}},"protected":false,"followers_count":31,"friends_count":157,"listed_count":0,"created_at":"Tue Feb 03 14:26:34 +0000 2009","favourites_count":61,"utc_offset":-18000,"time_zone":"Central Time (US & Canada)","geo_enabled":false,"verified":false,"statuses_count":1174,"lang":"en","contributors_enabled":false,"is_translator":false,"profile_background_color":"52CEF4","profile_background_image_url":"http:\/\/abs.twimg.com\/images\/themes\/theme5\/bg.gif","profile_background_image_url_https":"https:\/\/abs.twimg.com\/images\/themes\/theme5\/bg.gif","profile_background_tile":false,"profile_image_url":"http:\/\/a0.twimg.com\/profile_images\/378800000574115353\/188482c722e4755cdd0683ec4bfde3c1_normal.jpeg","profile_image_url_https":"https:\/\/si0.twimg.com\/profile_images\/378800000574115353\/188482c722e4755cdd0683ec4bfde3c1_normal.jpeg","profile_banner_url":"https:\/\/pbs.twimg.com\/profile_banners\/19973460\/1380416125","profile_link_color":"D02B55","profile_sidebar_border_color":"829D5E","profile_sidebar_fill_color":"99CC33","profile_text_color":"3E4415","profile_use_background_image":true,"default_profile":false,"default_profile_image":false,"following":null,"follow_request_sent":null,"notifications":null},"geo":null,"coordinates":null,"place":null,"contributors":null,"retweet_count":0,"favorite_count":0,"entities":{"hashtags":[],"symbols":[],"urls":[],"user_mentions":[]},"favorited":false,"retweeted":false,"lang":"en"},{"metadata":{"result_type":"recent","iso_language_code":"en"},"created_at":"Tue Oct 22 05:15:18 +0000 2013","id":392519507891077120,"id_str":"392519507891077120","text":"@Hannie_bannanie \ud83d\ude02\ud83d\ude02\ud83d\ude02\ud83d\ude02 I'm surprised too! I'm the only one that ended up sleeping in my hotel room that night \ud83d\ude02\ud83d\ude02","source":"\u003ca href=\"http:\/\/twitter.com\/download\/iphone\" rel=\"nofollow\"\u003eTwitter for iPhone\u003c\/a\u003e","truncated":false,"in_reply_to_status_id":392518768179437568,"in_reply_to_status_id_str":"392518768179437568","in_reply_to_user_id":317959143,"in_reply_to_user_id_str":"317959143","in_reply_to_screen_name":"Hannie_bannanie","user":{"id":1010677598,"id_str":"1010677598","name":"Teasha ","screen_name":"teashteash","location":"","description":"","url":null,"entities":{"description":{"urls":[]}},"protected":false,"followers_count":81,"friends_count":90,"listed_count":0,"created_at":"Fri Dec 14 08:13:48 +0000 2012","favourites_count":967,"utc_offset":null,"time_zone":null,"geo_enabled":false,"verified":false,"statuses_count":2294,"lang":"en","contributors_enabled":false,"is_translator":false,"profile_background_color":"C0DEED","profile_background_image_url":"http:\/\/abs.twimg.com\/images\/themes\/theme1\/bg.png","profile_background_image_url_https":"https:\/\/abs.twimg.com\/images\/themes\/theme1\/bg.png","profile_background_tile":false,"profile_image_url":"http:\/\/pbs.twimg.com\/profile_images\/378800000554441255\/602aa8a7c639103bc4465fc89cfb4d48_normal.jpeg","profile_image_url_https":"https:\/\/pbs.twimg.com\/profile_images\/378800000554441255\/602aa8a7c639103bc4465fc89cfb4d48_normal.jpeg","profile_banner_url":"https:\/\/pbs.twimg.com\/profile_banners\/1010677598\/1382309635","profile_link_color":"0084B4","profile_sidebar_border_color":"C0DEED","profile_sidebar_fill_color":"DDEEF6","profile_text_color":"333333","profile_use_background_image":true,"default_profile":true,"default_profile_image":false,"following":null,"follow_request_sent":null,"notifications":null},"geo":null,"coordinates":null,"place":null,"contributors":null,"retweet_count":0,"favorite_count":0,"entities":{"hashtags":[],"symbols":[],"urls":[],"user_mentions":[{"screen_name":"Hannie_bannanie","name":"Johannah Aniseeee","id":317959143,"id_str":"317959143","indices":[0,16]}]},"favorited":false,"retweeted":false,"lang":"en"},{"metadata":{"result_type":"recent","iso_language_code":"en"},"created_at":"Tue Oct 22 05:15:17 +0000 2013","id":392519504632500224,"id_str":"392519504632500224","text":"Why do the hotel feel the need to blast Adele at 7 in the morning?","source":"\u003ca href=\"http:\/\/twitter.com\/#!\/download\/ipad\" rel=\"nofollow\"\u003eTwitter for iPad\u003c\/a\u003e","truncated":false,"in_reply_to_status_id":null,"in_reply_to_status_id_str":null,"in_reply_to_user_id":null,"in_reply_to_user_id_str":null,"in_reply_to_screen_name":null,"user":{"id":109040026,"id_str":"109040026","name":"em Xx","screen_name":"EmilyHyett","location":"in a pineapple under the sea","description":"Instagram - emilyhyett","url":null,"entities":{"description":{"urls":[]}},"protected":false,"followers_count":507,"friends_count":473,"listed_count":0,"created_at":"Wed Jan 27 19:53:57 +0000 2010","favourites_count":666,"utc_offset":3600,"time_zone":"London","geo_enabled":true,"verified":false,"statuses_count":5613,"lang":"en","contributors_enabled":false,"is_translator":false,"profile_background_color":"1003FF","profile_background_image_url":"http:\/\/a0.twimg.com\/profile_background_images\/698048158\/ec19fd099a8e6cd9e23a9455ac770fae.jpeg","profile_background_image_url_https":"https:\/\/si0.twimg.com\/profile_background_images\/698048158\/ec19fd099a8e6cd9e23a9455ac770fae.jpeg","profile_background_tile":true,"profile_image_url":"http:\/\/a0.twimg.com\/profile_images\/378800000271233961\/70993c1db530f4cc7a925afb81b407e5_normal.jpeg","profile_image_url_https":"https:\/\/si0.twimg.com\/profile_images\/378800000271233961\/70993c1db530f4cc7a925afb81b407e5_normal.jpeg","profile_banner_url":"https:\/\/pbs.twimg.com\/profile_banners\/109040026\/1381510982","profile_link_color":"000000","profile_sidebar_border_color":"FFFFFF","profile_sidebar_fill_color":"CC00FF","profile_text_color":"000000","profile_use_background_image":true,"default_profile":false,"default_profile_image":false,"following":null,"follow_request_sent":null,"notifications":null},"geo":null,"coordinates":null,"place":null,"contributors":null,"retweet_count":0,"favorite_count":0,"entities":{"hashtags":[],"symbols":[],"urls":[],"user_mentions":[]},"favorited":false,"retweeted":false,"lang":"en"},{"metadata":{"result_type":"recent","iso_language_code":"es"},"created_at":"Tue Oct 22 05:15:15 +0000 2013","id":392519497317617664,"id_str":"392519497317617664","text":"\u201c@KarolynJudith: ALGUIEN VA AL HOTEL MA\u00d1ANA EN LA MA\u00d1ANA?\u201d Ayyy cole..","source":"\u003ca href=\"http:\/\/twitter.com\/#!\/download\/ipad\" rel=\"nofollow\"\u003eTwitter for iPad\u003c\/a\u003e","truncated":false,"in_reply_to_status_id":392519440924831744,"in_reply_to_status_id_str":"392519440924831744","in_reply_to_user_id":1151713206,"in_reply_to_user_id_str":"1151713206","in_reply_to_screen_name":"KarolynJudith","user":{"id":93732122,"id_str":"93732122","name":"BELIEVE CONCERT 2DAY","screen_name":"DannyBelieber21","location":"","description":"DR is next this made my night.","url":null,"entities":{"description":{"urls":[]}},"protected":false,"followers_count":589,"friends_count":400,"listed_count":2,"created_at":"Mon Nov 30 23:05:02 +0000 2009","favourites_count":511,"utc_offset":-21600,"time_zone":"Central America","geo_enabled":true,"verified":false,"statuses_count":59814,"lang":"es","contributors_enabled":false,"is_translator":false,"profile_background_color":"F5EEE5","profile_background_image_url":"http:\/\/a0.twimg.com\/profile_background_images\/779803953\/a934ef1a4871269ffd37417fd45faab8.jpeg","profile_background_image_url_https":"https:\/\/si0.twimg.com\/profile_background_images\/779803953\/a934ef1a4871269ffd37417fd45faab8.jpeg","profile_background_tile":true,"profile_image_url":"http:\/\/pbs.twimg.com\/profile_images\/378800000549256358\/327dd687a3ef81525dcf8b699bfab072_normal.jpeg","profile_image_url_https":"https:\/\/pbs.twimg.com\/profile_images\/378800000549256358\/327dd687a3ef81525dcf8b699bfab072_normal.jpeg","profile_banner_url":"https:\/\/pbs.twimg.com\/profile_banners\/93732122\/1382403122","profile_link_color":"5525CF","profile_sidebar_border_color":"000000","profile_sidebar_fill_color":"642D8B","profile_text_color":"000000","profile_use_background_image":true,"default_profile":false,"default_profile_image":false,"following":null,"follow_request_sent":null,"notifications":null},"geo":null,"coordinates":null,"place":null,"contributors":null,"retweet_count":0,"favorite_count":0,"entities":{"hashtags":[],"symbols":[],"urls":[],"user_mentions":[{"screen_name":"KarolynJudith","name":"22 l 10 l 13","id":1151713206,"id_str":"1151713206","indices":[1,15]}]},"favorited":false,"retweeted":false,"lang":"es"},{"metadata":{"result_type":"recent","iso_language_code":"th"},"created_at":"Tue Oct 22 05:15:15 +0000 2013","id":392519495505678336,"id_str":"392519495505678336","text":"\u0e1c\u0e48\u0e32\u0e19\u0e40\u0e25\u0e22 (@ .:: \u0e27\u0e31\u0e14\u0e1e\u0e23\u0e30\u0e1c\u0e38\u0e14 I Wat Phra Phut ::.) http:\/\/t.co\/NOon7zerYx","source":"\u003ca href=\"http:\/\/foursquare.com\" rel=\"nofollow\"\u003efoursquare\u003c\/a\u003e","truncated":false,"in_reply_to_status_id":null,"in_reply_to_status_id_str":null,"in_reply_to_user_id":null,"in_reply_to_user_id_str":null,"in_reply_to_screen_name":null,"user":{"id":1424667895,"id_str":"1424667895","name":"C & N Hotel","screen_name":"c_hotel","location":"e-mail: info@cnhotelpatong.com","description":"Hotel located center of nightlife and shopping at Patong Beach. Resonable price and great service at C & N Hotel\r\n076 340475  076 340745 076 341892","url":"http:\/\/t.co\/g7wZFKNtpo","entities":{"url":{"urls":[{"url":"http:\/\/t.co\/g7wZFKNtpo","expanded_url":"http:\/\/www.cnhotelpatong.com","display_url":"cnhotelpatong.com","indices":[0,22]}]},"description":{"urls":[]}},"protected":false,"followers_count":70,"friends_count":247,"listed_count":1,"created_at":"Mon May 13 05:03:53 +0000 2013","favourites_count":16,"utc_offset":null,"time_zone":null,"geo_enabled":true,"verified":false,"statuses_count":1076,"lang":"th","contributors_enabled":false,"is_translator":false,"profile_background_color":"352726","profile_background_image_url":"http:\/\/abs.twimg.com\/images\/themes\/theme5\/bg.gif","profile_background_image_url_https":"https:\/\/abs.twimg.com\/images\/themes\/theme5\/bg.gif","profile_background_tile":false,"profile_image_url":"http:\/\/a0.twimg.com\/profile_images\/3658968930\/173d7974cad24f6b88286b5bd6c7141f_normal.jpeg","profile_image_url_https":"https:\/\/si0.twimg.com\/profile_images\/3658968930\/173d7974cad24f6b88286b5bd6c7141f_normal.jpeg","profile_link_color":"D02B55","profile_sidebar_border_color":"829D5E","profile_sidebar_fill_color":"99CC33","profile_text_color":"3E4415","profile_use_background_image":true,"default_profile":false,"default_profile_image":false,"following":null,"follow_request_sent":null,"notifications":null},"geo":{"type":"Point","coordinates":[8.03399622,98.33771311]},"coordinates":{"type":"Point","coordinates":[98.33771311,8.03399622]},"place":null,"contributors":null,"retweet_count":0,"favorite_count":0,"entities":{"hashtags":[],"symbols":[],"urls":[{"url":"http:\/\/t.co\/NOon7zerYx","expanded_url":"http:\/\/4sq.com\/19pZdg4","display_url":"4sq.com\/19pZdg4","indices":[46,68]}],"user_mentions":[]},"favorited":false,"retweeted":false,"possibly_sensitive":false,"lang":"th"},{"metadata":{"result_type":"recent","iso_language_code":"it"},"created_at":"Tue Oct 22 05:15:13 +0000 2013","id":392519490485104640,"id_str":"392519490485104640","text":"RT @MatteoScarrone: Sdraiato in un letto d'hotel a #Melania, destino,vedendo i miei sogni,Volle farmi una carezza.\nMi svegliai,ed era la tu\u2026","source":"\u003ca href=\"http:\/\/twitteratura.com\" rel=\"nofollow\"\u003eCorsari Retweeter\u003c\/a\u003e","truncated":false,"in_reply_to_status_id":null,"in_reply_to_status_id_str":null,"in_reply_to_user_id":null,"in_reply_to_user_id_str":null,"in_reply_to_screen_name":null,"user":{"id":1394176549,"id_str":"1394176549","name":"Marco Polo","screen_name":"IoMarcoPolo","location":"Cina","description":"Scopro le ragioni segrete che hanno portato gli uomini a vivere nelle citt\u00e0, ragioni che potranno valere al di l\u00e0 di tutte le crisi. Bot di #Invisibili","url":"http:\/\/t.co\/piKk9ElRlx","entities":{"url":{"urls":[{"url":"http:\/\/t.co\/piKk9ElRlx","expanded_url":"http:\/\/www.twitteratura.it","display_url":"twitteratura.it","indices":[0,22]}]},"description":{"urls":[]}},"protected":false,"followers_count":925,"friends_count":778,"listed_count":22,"created_at":"Wed May 01 09:09:05 +0000 2013","favourites_count":4023,"utc_offset":10800,"time_zone":"Athens","geo_enabled":false,"verified":false,"statuses_count":21661,"lang":"en","contributors_enabled":false,"is_translator":false,"profile_background_color":"C0DEED","profile_background_image_url":"http:\/\/abs.twimg.com\/images\/themes\/theme1\/bg.png","profile_background_image_url_https":"https:\/\/abs.twimg.com\/images\/themes\/theme1\/bg.png","profile_background_tile":false,"profile_image_url":"http:\/\/pbs.twimg.com\/profile_images\/378800000424521193\/38f652e222f19ed532a287fe4f97f81c_normal.jpeg","profile_image_url_https":"https:\/\/pbs.twimg.com\/profile_images\/378800000424521193\/38f652e222f19ed532a287fe4f97f81c_normal.jpeg","profile_banner_url":"https:\/\/pbs.twimg.com\/profile_banners\/1394176549\/1378569905","profile_link_color":"0084B4","profile_sidebar_border_color":"C0DEED","profile_sidebar_fill_color":"DDEEF6","profile_text_color":"333333","profile_use_background_image":true,"default_profile":true,"default_profile_image":false,"following":null,"follow_request_sent":null,"notifications":null},"geo":null,"coordinates":null,"place":null,"contributors":null,"retweeted_status":{"metadata":{"result_type":"recent","iso_language_code":"it"},"created_at":"Tue Oct 22 05:14:37 +0000 2013","id":392519339565658112,"id_str":"392519339565658112","text":"Sdraiato in un letto d'hotel a #Melania, destino,vedendo i miei sogni,Volle farmi una carezza.\nMi svegliai,ed era la tua mano\n#invisibili","source":"\u003ca href=\"http:\/\/twitter.com\/#!\/download\/ipad\" rel=\"nofollow\"\u003eTwitter for iPad\u003c\/a\u003e","truncated":false,"in_reply_to_status_id":null,"in_reply_to_status_id_str":null,"in_reply_to_user_id":null,"in_reply_to_user_id_str":null,"in_reply_to_screen_name":null,"user":{"id":463130777,"id_str":"463130777","name":"Matteo Scarrone","screen_name":"MatteoScarrone","location":"Roma","description":"Chi scambia pensieri con vento rimarr\u00e0 con niente fra le dita ed una testa vuota -- A Brigante, Brigante e mezzo","url":"http:\/\/t.co\/nJn3mOYvaf","entities":{"url":{"urls":[{"url":"http:\/\/t.co\/nJn3mOYvaf","expanded_url":"http:\/\/lasfingeblog.wordpress.com","display_url":"lasfingeblog.wordpress.com","indices":[0,22]}]},"description":{"urls":[]}},"protected":false,"followers_count":122,"friends_count":288,"listed_count":2,"created_at":"Fri Jan 13 19:16:49 +0000 2012","favourites_count":383,"utc_offset":10800,"time_zone":"Athens","geo_enabled":false,"verified":false,"statuses_count":1975,"lang":"it","contributors_enabled":false,"is_translator":false,"profile_background_color":"C0DEED","profile_background_image_url":"http:\/\/a0.twimg.com\/profile_background_images\/378800000083475293\/7d2ed60d3950b6f0325492ca8acf51aa.jpeg","profile_background_image_url_https":"https:\/\/si0.twimg.com\/profile_background_images\/378800000083475293\/7d2ed60d3950b6f0325492ca8acf51aa.jpeg","profile_background_tile":true,"profile_image_url":"http:\/\/a0.twimg.com\/profile_images\/378800000423447834\/a3e82d33db18dea5bba1ea6c832181b9_normal.jpeg","profile_image_url_https":"https:\/\/si0.twimg.com\/profile_images\/378800000423447834\/a3e82d33db18dea5bba1ea6c832181b9_normal.jpeg","profile_banner_url":"https:\/\/pbs.twimg.com\/profile_banners\/463130777\/1379349069","profile_link_color":"0084B4","profile_sidebar_border_color":"000000","profile_sidebar_fill_color":"DDEEF6","profile_text_color":"333333","profile_use_background_image":true,"default_profile":false,"default_profile_image":false,"following":null,"follow_request_sent":null,"notifications":null},"geo":null,"coordinates":null,"place":null,"contributors":null,"retweet_count":1,"favorite_count":0,"entities":{"hashtags":[{"text":"Melania","indices":[31,39]},{"text":"invisibili","indices":[126,137]}],"symbols":[],"urls":[],"user_mentions":[]},"favorited":false,"retweeted":false,"lang":"it"},"retweet_count":1,"favorite_count":0,"entities":{"hashtags":[{"text":"Melania","indices":[51,59]}],"symbols":[],"urls":[],"user_mentions":[{"screen_name":"MatteoScarrone","name":"Matteo Scarrone","id":463130777,"id_str":"463130777","indices":[3,18]}]},"favorited":false,"retweeted":false,"lang":"it"},{"metadata":{"result_type":"recent","iso_language_code":"ja"},"created_at":"Tue Oct 22 05:15:11 +0000 2013","id":392519481173348352,"id_str":"392519481173348352","text":"@hotel_hanakiss \u3054\u5bbf\u6cca\u306e\u304a\u5ba2\u69d8\u5fc5\u898b!!\u5f53\u30db\u30c6\u30eb\u30b0\u30eb\u30fc\u30d7\u3067\u4eba\u6c17\u306e\u30b5\u30fc\u30d3\u30b9\u300e\u3054\u5bbf\u6cca\u30bb\u30c3\u30c8\u300f(\u7121\u6599\u30b5\u30fc\u30d3\u30b9)\u3092\u3054\u7528\u610f\u3057\u3066\u304a\u308a\u307e\u3059\u3002\u5b9f\u7528\u6027\u306e\u9ad8\u3044\u30a2\u30e1\u30cb\u30c6\u30a3\u3092\u8c4a\u5bcc\u306b\u53d6\u308a\u305d\u308d\u3048\u3066\u304a\u308a\u307e\u3059\u3002\u3054\u5bbf\u6cca\u306e\u969b\u306f\u662f\u975e\u3054\u5229\u7528\u4e0b\u3055\u3044\u3002\u3054\u6ce8\u6587\u304a\u5f85\u3061\u3057\u3066\u304a\u308a\u307e\u3059\u3002","source":"\u003ca href=\"http:\/\/twittbot.net\/\" rel=\"nofollow\"\u003etwittbot.net\u003c\/a\u003e","truncated":false,"in_reply_to_status_id":null,"in_reply_to_status_id_str":null,"in_reply_to_user_id":137592832,"in_reply_to_user_id_str":"137592832","in_reply_to_screen_name":"hotel_hanakiss","user":{"id":137592832,"id_str":"137592832","name":"Hanakiss","screen_name":"hotel_hanakiss","location":"\u5bae\u57ce\u770c\u4ed9\u53f0\u5e02\u9752\u8449\u533a\u611b\u5b50\u4e2d\u592e","description":"\u3053\u3093\u306b\u3061\u308f\uff01\u4ed9\u53f0\u5e02\u9752\u8449\u533a\u611b\u5b50\u306b\u3042\u308a\u307e\u3059\u30db\u30c6\u30eb\u3067\u3059\u3002\u7686\u69d8\u306e\u30d5\u30a9\u30ed\u30fc\u304a\u5f85\u3061\u3057\u3066\u307e\u3059\u3002\r\n\u3010\u304a\u77e5\u3089\u305b\u3011\u30ed\u30d3\u30fc\u306b\u306f200\u7a2e\u985e\u3092\u8d85\u3048\u308b\u7121\u6599\u306e\u30a6\u30a7\u30eb\u30ab\u30e0\u30d0\u30a4\u30ad\u30f3\u30b0\u3092\u7528\u610f\u266a\r\n\u8a73\u3057\u304f\u306fHP\u306b\u3066\u2192http:\/\/t.co\/RcA4cQR6Ar","url":"http:\/\/t.co\/u1hp3xmjP2","entities":{"url":{"urls":[{"url":"http:\/\/t.co\/u1hp3xmjP2","expanded_url":"http:\/\/hanayorikiss.blog83.fc2.com\/","display_url":"hanayorikiss.blog83.fc2.com","indices":[0,22]}]},"description":{"urls":[{"url":"http:\/\/t.co\/RcA4cQR6Ar","expanded_url":"http:\/\/www.hotenavi.com\/hanakiss\/","display_url":"hotenavi.com\/hanakiss\/","indices":[90,112]}]}},"protected":false,"followers_count":1739,"friends_count":2005,"listed_count":17,"created_at":"Tue Apr 27 05:31:35 +0000 2010","favourites_count":0,"utc_offset":-36000,"time_zone":"Hawaii","geo_enabled":false,"verified":false,"statuses_count":15754,"lang":"ja","contributors_enabled":false,"is_translator":false,"profile_background_color":"642D8B","profile_background_image_url":"http:\/\/abs.twimg.com\/images\/themes\/theme10\/bg.gif","profile_background_image_url_https":"https:\/\/abs.twimg.com\/images\/themes\/theme10\/bg.gif","profile_background_tile":true,"profile_image_url":"http:\/\/pbs.twimg.com\/profile_images\/854695672\/Hana__Kiss__1_normal.jpg","profile_image_url_https":"https:\/\/pbs.twimg.com\/profile_images\/854695672\/Hana__Kiss__1_normal.jpg","profile_link_color":"FF0000","profile_sidebar_border_color":"65B0DA","profile_sidebar_fill_color":"7AC3EE","profile_text_color":"3D1957","profile_use_background_image":true,"default_profile":false,"default_profile_image":false,"following":null,"follow_request_sent":null,"notifications":null},"geo":null,"coordinates":null,"place":null,"contributors":null,"retweet_count":0,"favorite_count":0,"entities":{"hashtags":[],"symbols":[],"urls":[],"user_mentions":[{"screen_name":"hotel_hanakiss","name":"Hanakiss","id":137592832,"id_str":"137592832","indices":[0,15]}]},"favorited":false,"retweeted":false,"lang":"ja"},{"metadata":{"result_type":"recent","iso_language_code":"in"},"created_at":"Tue Oct 22 05:15:07 +0000 2013","id":392519465893498880,"id_str":"392519465893498880","text":"Oalaahhhh :D ngapain km yg bersih2 hahhah RT @Clayieztha: Bersih2 besok galungan edan \"@AuliaNrlAkbr: Yakamu ngapain pagi2 ke hotel :\/\"","source":"\u003ca href=\"http:\/\/ubersocial.com\" rel=\"nofollow\"\u003eUberSocial for BlackBerry\u003c\/a\u003e","truncated":false,"in_reply_to_status_id":null,"in_reply_to_status_id_str":null,"in_reply_to_user_id":null,"in_reply_to_user_id_str":null,"in_reply_to_screen_name":null,"user":{"id":533188479,"id_str":"533188479","name":"L I A L I O","screen_name":"AuliaNrlAkbr","location":"BANYUWANGI","description":"Succes o:) PIN 27F11D18 ~","url":null,"entities":{"description":{"urls":[]}},"protected":false,"followers_count":577,"friends_count":470,"listed_count":0,"created_at":"Thu Mar 22 12:37:20 +0000 2012","favourites_count":20,"utc_offset":25200,"time_zone":"Jakarta","geo_enabled":true,"verified":false,"statuses_count":20507,"lang":"id","contributors_enabled":false,"is_translator":false,"profile_background_color":"8B542B","profile_background_image_url":"http:\/\/a0.twimg.com\/profile_background_images\/781947207\/4888dda9cf326acb801e5fe1da642599.jpeg","profile_background_image_url_https":"https:\/\/si0.twimg.com\/profile_background_images\/781947207\/4888dda9cf326acb801e5fe1da642599.jpeg","profile_background_tile":true,"profile_image_url":"http:\/\/a0.twimg.com\/profile_images\/378800000528331717\/104f7269c4597891bfbdd5ed61a45337_normal.jpeg","profile_image_url_https":"https:\/\/si0.twimg.com\/profile_images\/378800000528331717\/104f7269c4597891bfbdd5ed61a45337_normal.jpeg","profile_link_color":"9D582E","profile_sidebar_border_color":"000000","profile_sidebar_fill_color":"EADEAA","profile_text_color":"333333","profile_use_background_image":true,"default_profile":false,"default_profile_image":false,"following":null,"follow_request_sent":null,"notifications":null},"geo":null,"coordinates":null,"place":null,"contributors":null,"retweet_count":0,"favorite_count":0,"entities":{"hashtags":[],"symbols":[],"urls":[],"user_mentions":[{"screen_name":"Clayieztha","name":"Clepuk","id":425034766,"id_str":"425034766","indices":[45,56]},{"screen_name":"AuliaNrlAkbr","name":"L I A L I O","id":533188479,"id_str":"533188479","indices":[87,100]}]},"favorited":false,"retweeted":false,"lang":"in"},{"metadata":{"result_type":"recent","iso_language_code":"en"},"created_at":"Tue Oct 22 05:15:07 +0000 2013","id":392519465730342912,"id_str":"392519465730342912","text":"Built in 1871 #The Chicago Water Tower is one of the oldest towers in America and a historic landmark http:\/\/t.co\/h2bV9EyXLQ","source":"\u003ca href=\"http:\/\/ifttt.com\" rel=\"nofollow\"\u003eIFTTT\u003c\/a\u003e","truncated":false,"in_reply_to_status_id":null,"in_reply_to_status_id_str":null,"in_reply_to_user_id":null,"in_reply_to_user_id_str":null,"in_reply_to_screen_name":null,"user":{"id":1945225711,"id_str":"1945225711","name":"Windy City Guide","screen_name":"BreezeChicago","location":"Chicago, IL","description":"News, Travel, Things To Do","url":null,"entities":{"description":{"urls":[]}},"protected":false,"followers_count":206,"friends_count":1011,"listed_count":2,"created_at":"Mon Oct 07 21:32:08 +0000 2013","favourites_count":0,"utc_offset":null,"time_zone":null,"geo_enabled":false,"verified":false,"statuses_count":1468,"lang":"en","contributors_enabled":false,"is_translator":false,"profile_background_color":"C0DEED","profile_background_image_url":"http:\/\/abs.twimg.com\/images\/themes\/theme1\/bg.png","profile_background_image_url_https":"https:\/\/abs.twimg.com\/images\/themes\/theme1\/bg.png","profile_background_tile":false,"profile_image_url":"http:\/\/pbs.twimg.com\/profile_images\/378800000564169643\/d941c11d58cd97a6be065782d76ea942_normal.jpeg","profile_image_url_https":"https:\/\/pbs.twimg.com\/profile_images\/378800000564169643\/d941c11d58cd97a6be065782d76ea942_normal.jpeg","profile_banner_url":"https:\/\/pbs.twimg.com\/profile_banners\/1945225711\/1381181675","profile_link_color":"0084B4","profile_sidebar_border_color":"C0DEED","profile_sidebar_fill_color":"DDEEF6","profile_text_color":"333333","profile_use_background_image":true,"default_profile":true,"default_profile_image":false,"following":null,"follow_request_sent":null,"notifications":null},"geo":null,"coordinates":null,"place":null,"contributors":null,"retweet_count":0,"favorite_count":0,"entities":{"hashtags":[{"text":"The","indices":[14,18]}],"symbols":[],"urls":[{"url":"http:\/\/t.co\/h2bV9EyXLQ","expanded_url":"http:\/\/ift.tt\/1aCtHt7","display_url":"ift.tt\/1aCtHt7","indices":[102,124]}],"user_mentions":[]},"favorited":false,"retweeted":false,"possibly_sensitive":false,"lang":"en"}],"search_metadata":{"completed_in":0.038,"max_id":0,"max_id_str":"0","next_results":"?max_id=391940656307769343&q=hotel&geocode=&lang=&include_entities=1&result_type=mixed","query":"hotel","count":15,"since_id":0,"since_id_str":"0"}}
