<!--
  ~  Licensed to the Apache Software Foundation (ASF) under one
  ~  or more contributor license agreements.  See the NOTICE file
  ~  distributed with this work for additional information
  ~  regarding copyright ownership.  The ASF licenses this file
  ~  to you under the Apache License, Version 2.0 (the
  ~  "License"); you may not use this file except in compliance
  ~  with the License.  You may obtain a copy of the License at
  ~
  ~   http://www.apache.org/licenses/LICENSE-2.0
  ~
  ~  Unless required by applicable law or agreed to in writing,
  ~  software distributed under the License is distributed on an
  ~ "AS IS" BASIS, WITHOUT WARRANTIES OR CONDITIONS OF ANY
  ~  KIND, either express or implied.  See the License for the
  ~  specific language governing permissions and limitations
  ~  under the License.
  -->

<axisconfig name="AxisJava2.0">
    <!-- ================================================= -->
    <!-- Parameters -->
    <!-- ================================================= -->
    <parameter name="hotdeployment">true</parameter>
    <parameter name="hotupdate">false</parameter>
    <parameter name="enableMTOM">false</parameter>
    <parameter name="enableSwA">false</parameter>

    <!--Uncomment if you want to enable file caching for attachments -->
    <!--parameter name="cacheAttachments">true</parameter>
    <parameter name="attachmentDIR"></parameter>
    <parameter name="sizeThreshold">4000</parameter-->

    <!--This will give out the timout of the configuration contexts, in milliseconds-->
    <parameter name="ConfigContextTimeoutInterval">30000</parameter>

    <!--During a fault, stacktrace can be sent with the fault message. The following flag will control -->
    <!--that behavior.-->
    <parameter name="sendStacktraceDetailsWithFaults">false</parameter>

    <!--If there aren't any information available to find out the fault reason, we set the message of the exception-->
    <!--as the faultreason/Reason. But when a fault is thrown from a service or some where, it will be -->
    <!--wrapped by different levels. Due to this the initial exception message can be lost. If this flag-->
    <!--is set, then Axis2 tries to get the first exception and set its message as the faultreason/Reason.-->
    <parameter name="DrillDownToRootCauseForFaultReason">false</parameter>

    <parameter name="userName">admin</parameter>
    <parameter name="password">axis2</parameter>

    <!--To override repository/services you need to uncomment following parameter and value SHOULD be absolute file path.-->
    <!--ServicesDirectory only works on the following cases-->
    <!---File based configurator and in that case the value should be a file URL (http:// not allowed)-->
    <!---When creating URL Based configurator with URL "file://"  -->
    <!--- War based configurator with expanded case , -->

    <!--All the other scenarios it will be ignored.-->
    <!--<parameter name="ServicesDirectory">service</parameter>-->
    <!--To override repository/modules you need to uncomment following parameter and value SHOULD be absolute file path-->
    <!--<parameter name="ModulesDirectory">modules</parameter>-->



    <!--Following params will set the proper context paths for invocations. All the endpoints will have a commons context-->
    <!--root which can configured using the following contextRoot parameter-->
    <parameter name="contextRoot">/</parameter>

    <!--Our HTTP endpoints can handle both REST and SOAP. Following parameters can be used to distinguiush those endpoints-->
    <!--In case of a servlet, if you change this you have to manually change the settings of your servlet container to map this -->
    <!--context path to proper Axis2 servlets-->
    <parameter name="servicePath">services</parameter>
    <parameter name="restPath">rest</parameter>

    <!-- Following parameter will completely disable REST handling in Axis2-->
    <parameter name="disableREST" locked="true">false</parameter>

    <!--POJO deployer , this will alow users to drop .class file and make that into a service-->
    <deployer extension=".class" directory="pojo" class="org.apache.axis2.deployment.POJODeployer"/>

    <!-- Following parameter will set the host name for the epr-->
    <!--<parameter name="hostname" locked="true">myhost.com</parameter>-->

    <!-- If you have a frontend host which exposes this webservice using a different public URL  -->
    <!-- use this parameter to override autodetected url -->
    <!--<parameter name="httpFrontendHostUrl">https://someotherhost/context</parameter>-->


    <!--    The way of adding listener to the system-->
    <!--    <listener class="org.apache.axis2.ObserverIMPL">-->
    <!--        <parameter name="RSS_URL">http://127.0.0.1/rss</parameter>-->
    <!--    </listener>-->

    <!-- ================================================= -->
    <!-- Message Receivers -->
    <!-- ================================================= -->
    <!--This is the deafult MessageReceiver for the system , if you want to have MessageReceivers for -->
    <!--all the other MEP implement it and add the correct entry to here , so that you can refer from-->
    <!--any operation -->
    <!--Note : You can ovrride this for a particular service by adding the same element with your requirement-->
    <messageReceivers>
        <messageReceiver mep="http://www.w3.org/2004/08/wsdl/in-only"
                         class="org.apache.axis2.receivers.RawXMLINOnlyMessageReceiver"/>
        <messageReceiver mep="http://www.w3.org/2004/08/wsdl/in-out"
                         class="org.apache.axis2.receivers.RawXMLINOutMessageReceiver"/>
        <messageReceiver mep="http://www.w3.org/2006/01/wsdl/in-only"
                         class="org.apache.axis2.receivers.RawXMLINOnlyMessageReceiver"/>
        <messageReceiver mep="http://www.w3.org/2006/01/wsdl/in-out"
                         class="org.apache.axis2.receivers.RawXMLINOutMessageReceiver"/>
    </messageReceivers>

    <!-- ================================================= -->
    <!-- Message Formatter -->
    <!-- ================================================= -->
    <!--Following content type to message formatter mapping can be used to implement support for different message -->
    <!--format  serialization in Axis2. These message formats are expected to be resolved based on the content type. -->
    <messageFormatters>
        <messageFormatter contentType="application/x-www-form-urlencoded"
                         class="org.apache.axis2.transport.http.XFormURLEncodedFormatter"/>
        <messageFormatter contentType="multipart/form-data"
                         class="org.apache.axis2.transport.http.MultipartFormDataFormatter"/>
        <messageFormatter contentType="application/xml"
                         class="org.apache.axis2.transport.http.ApplicationXMLFormatter"/>
    </messageFormatters>

    <!-- ================================================= -->
    <!-- Message Builders -->
    <!-- ================================================= -->
    <!--Following content type to builder mapping can be used to implement support for different message -->
    <!--formats in Axis2. These message formats are expected to be resolved based on the content type. -->
    <messageBuilders>
        <messageBuilder contentType="application/xml"
                         class="org.apache.axis2.builder.ApplicationXMLBuilder"/>
        <messageBuilder contentType="application/x-www-form-urlencoded"
                         class="org.apache.axis2.builder.XFormURLEncodedBuilder"/>
        <messageBuilder contentType="multipart/form-data"
                         class="org.apache.axis2.builder.MultipartFormDataBuilder"/>
    </messageBuilders>

    <!-- ================================================= -->
    <!-- Transport Ins -->
    <!-- ================================================= -->
    <transportReceiver name="http"
                       class="org.apache.synapse.transport.nhttp.HttpCoreNIOListener">
        <parameter name="port">9000</parameter>
    	<parameter name="non-blocking" locked="false">true</parameter>
    </transportReceiver>

    <!-- the non blocking https transport based on HttpCore + SSL-NIO extensions -->
    <transportReceiver name="https" class="org.apache.synapse.transport.nhttp.HttpCoreNIOSSLListener">
    	<parameter name="port" locked="false">9002</parameter>
    	<parameter name="non-blocking" locked="false">true</parameter>
        <parameter name="keystore" locked="false">
            <KeyStore>
                <Location>../../lib/identity.jks</Location>
                <Type>JKS</Type>
                <Password>password</Password>
                <KeyPassword>password</KeyPassword>
            </KeyStore>
        </parameter>
        <parameter name="truststore" locked="false">
            <TrustStore>
                <Location>../../lib/trust.jks</Location>
                <Type>JKS</Type>
                <Password>password</Password>
            </TrustStore>
        </parameter>
        <!--<parameter name="SSLVerifyClient">require</parameter>
            supports optional|require or defaults to none -->
    </transportReceiver>

    <!--Uncomment this and configure as appropriate for JMS transport support, after setting up your JMS environment (e.g. ActiveMQ)
    <transportReceiver name="jms" class="org.apache.axis2.transport.jms.JMSListener">
        <parameter name="myTopicConnectionFactory">
        	<parameter name="java.naming.factory.initial">org.apache.activemq.jndi.ActiveMQInitialContextFactory</parameter>
        	<parameter name="java.naming.provider.url">tcp://localhost:61616</parameter>
        	<parameter name="transport.jms.ConnectionFactoryJNDIName">TopicConnectionFactory</parameter>
		<parameter name="transport.jms.ConnectionFactoryType" locked="false">topic</parameter>
        </parameter>

        <parameter name="myQueueConnectionFactory">
        	<parameter name="java.naming.factory.initial">org.apache.activemq.jndi.ActiveMQInitialContextFactory</parameter>
        	<parameter name="java.naming.provider.url">tcp://localhost:61616</parameter>
        	<parameter name="transport.jms.ConnectionFactoryJNDIName">QueueConnectionFactory</parameter>
		<parameter name="transport.jms.ConnectionFactoryType" locked="false">queue</parameter>
        </parameter>

        <parameter name="default">
        	<parameter name="java.naming.factory.initial">org.apache.activemq.jndi.ActiveMQInitialContextFactory</parameter>
        	<parameter name="java.naming.provider.url">tcp://localhost:61616</parameter>
        	<parameter name="transport.jms.ConnectionFactoryJNDIName">QueueConnectionFactory</parameter>
		<parameter name="transport.jms.ConnectionFactoryType" locked="false">queue</parameter>
        </parameter>
    </transportReceiver>-->

    <transportReceiver name="mailto" class="org.apache.axis2.transport.mail.MailTransportListener">
        <!-- configure any optional POP3/IMAP properties
        check com.sun.mail.pop3 and com.sun.mail.imap package documentation for more details-->
    </transportReceiver>

    <!-- ================================================= -->
    <!-- Transport Outs -->
    <!-- ================================================= -->

    <transportSender name="http"
                     class="org.apache.synapse.transport.nhttp.HttpCoreNIOSender">
        <parameter name="PROTOCOL">HTTP/1.1</parameter>
        <parameter name="Transfer-Encoding">chunked</parameter>
    </transportSender>

    <transportSender name="https" class="org.apache.synapse.transport.nhttp.HttpCoreNIOSSLSender">
        <parameter name="non-blocking" locked="false">true</parameter>
        <parameter name="keystore" locked="false">
            <KeyStore>
                <Location>../../lib/identity.jks</Location>
                <Type>JKS</Type>
                <Password>password</Password>
                <KeyPassword>password</KeyPassword>
            </KeyStore>
        </parameter>
        <parameter name="truststore" locked="false">
            <TrustStore>
                <Location>../../lib/trust.jks</Location>
                <Type>JKS</Type>
                <Password>password</Password>
            </TrustStore>
        </parameter>
        <!--<parameter name="HostnameVerifier">DefaultAndLocalhost</parameter>
            supports Strict|AllowAll|DefaultAndLocalhost or the default if none specified -->
    </transportSender>

    <transportSender name="jms"
                     class="org.apache.axis2.transport.jms.JMSSender"/>

    <!-- Uncomment and configure the SMTP server information
    check com.sun.mail.smtp package documentation for descriptions of properties
    <transportSender name="mailto" class="org.apache.axis2.transport.mail.MailTransportSender">
        <parameter name="mail.smtp.host">smtp.gmail.com</parameter>
        <parameter name="mail.smtp.port">587</parameter>
        <parameter name="mail.smtp.starttls.enable">true</parameter>
        <parameter name="mail.smtp.user">synapse.test.0</parameter>
        <parameter name="mail.smtp.password">mailpassword</parameter>
        <parameter name="mail.smtp.auth">true</parameter>
    </transportSender>-->

    <!-- ================================================= -->
    <!-- Global Modules  -->
    <!-- ================================================= -->
    <!-- Comment this to disable Addressing -->
    <module ref="addressing"/>

    <!--Configuring module , providing parameters for modules whether they refer or not-->
    <!--<moduleConfig name="addressing">-->
    <!--<parameter name="addressingPara">N/A</parameter>-->
    <!--</moduleConfig>-->

    <!-- ================================================= -->
    <!-- Clustering  -->
    <!-- ================================================= -->
    <!-- Configure the following for preparing Axis2 to a clustered environment -->
    <cluster class="org.apache.axis2.clustering.tribes.TribesClusterManager" enable="false">
        <parameter name="AvoidInitiation">true</parameter>
        <parameter name="membershipScheme">multicast</parameter>
        <parameter name="domain">apache.axis2.app.domain</parameter>
        <parameter name="synchronizeAll">true</parameter>
        <parameter name="maxRetries">10</parameter>
        <parameter name="mcastAddress">228.0.0.4</parameter>
        <parameter name="mcastPort">45564</parameter>
        <parameter name="mcastFrequency">500</parameter>
        <parameter name="memberDropTime">3000</parameter>
        <parameter name="mcastBindAddress">127.0.0.1</parameter>
        <parameter name="localMemberHost">127.0.0.1</parameter>
        <contextManager class="org.apache.axis2.clustering.context.DefaultContextManager"
                         enable="false">
            <listener class="org.apache.axis2.clustering.context.DefaultContextManagerListener"/>
            <replication>
                <defaults>
                    <exclude name="local_*"/>
                    <exclude name="LOCAL_*"/>
                </defaults>
                <context class="org.apache.axis2.context.ConfigurationContext">
                    <exclude name="UseAsyncOperations"/>
                    <exclude name="SequencePropertyBeanMap"/>
                </context>
                <context class="org.apache.axis2.context.ServiceGroupContext">
                    <exclude name="my.sandesha.*"/>
                </context>
                <context class="org.apache.axis2.context.ServiceContext">
                    <exclude name="my.sandesha.*"/>
                </context>
            </replication>
        </contextManager>
    </cluster>
     
    <!-- ================================================= -->
    <!-- Phases  -->
    <!-- ================================================= -->
    <phaseOrder type="InFlow">
        <!--  System pre defined phases       -->
        <phase name="Transport">
            <handler name="RequestURIBasedDispatcher"
                     class="org.apache.axis2.dispatchers.RequestURIBasedDispatcher">
                <order phase="Transport"/>
            </handler>
            <handler name="SOAPActionBasedDispatcher"
                     class="org.apache.axis2.dispatchers.SOAPActionBasedDispatcher">
                <order phase="Transport"/>
            </handler>
        </phase>
        <phase name="Addressing">
             <handler name="AddressingBasedDispatcher"
                     class="org.apache.axis2.dispatchers.AddressingBasedDispatcher">
                 <order phase="Addressing"/>
            </handler>
        </phase>
        <phase name="Security"/>
        <phase name="PreDispatch"/>
        <phase name="Dispatch" class="org.apache.axis2.engine.DispatchPhase">
            <handler name="RequestURIBasedDispatcher"
                     class="org.apache.axis2.dispatchers.RequestURIBasedDispatcher"/>
            <handler name="SOAPActionBasedDispatcher"
                     class="org.apache.axis2.dispatchers.SOAPActionBasedDispatcher"/>
            <handler name="RequestURIOperationDispatcher"
                     class="org.apache.axis2.dispatchers.RequestURIOperationDispatcher"/>
            <handler name="SOAPMessageBodyBasedDispatcher"
                     class="org.apache.axis2.dispatchers.SOAPMessageBodyBasedDispatcher"/>

            <handler name="HTTPLocationBasedDispatcher"
                     class="org.apache.axis2.dispatchers.HTTPLocationBasedDispatcher"/>
        </phase>
        <phase name="RMPhase"/>
        <!--  System pre defined phases       -->
        <!--   After Postdispatch phase module author or service author can add any phase he want      -->
        <phase name="OperationInPhase"/>
        <phase name="soapmonitorPhase"/>
    </phaseOrder>
    <phaseOrder type="OutFlow">
        <!--      user can add his own phases to this area  -->
        <phase name="soapmonitorPhase"/>
        <phase name="OperationOutPhase"/>
        <!--system predefined phase-->
        <!--these phase will run irrespective of the service-->
        <phase name="RMPhase"/>
        <phase name="PolicyDetermination"/>
        <phase name="MessageOut"/>
        <phase name="Security"/>
    </phaseOrder>
    <phaseOrder type="InFaultFlow">
        <phase name="Addressing">
             <handler name="AddressingBasedDispatcher"
                     class="org.apache.axis2.dispatchers.AddressingBasedDispatcher">
                 <order phase="Addressing"/>
            </handler>
        </phase>
        <phase name="Security"/>
        <phase name="PreDispatch"/>
        <phase name="Dispatch" class="org.apache.axis2.engine.DispatchPhase">
            <handler name="RequestURIBasedDispatcher"
                     class="org.apache.axis2.dispatchers.RequestURIBasedDispatcher"/>
            <handler name="SOAPActionBasedDispatcher"
                     class="org.apache.axis2.dispatchers.SOAPActionBasedDispatcher"/>
            <handler name="RequestURIOperationDispatcher"
                     class="org.apache.axis2.dispatchers.RequestURIOperationDispatcher"/>
            <handler name="SOAPMessageBodyBasedDispatcher"
                     class="org.apache.axis2.dispatchers.SOAPMessageBodyBasedDispatcher"/>

            <handler name="HTTPLocationBasedDispatcher"
                     class="org.apache.axis2.dispatchers.HTTPLocationBasedDispatcher"/>
        </phase>
        <phase name="RMPhase"/>
        <!--      user can add his own phases to this area  -->
        <phase name="OperationInFaultPhase"/>
        <phase name="soapmonitorPhase"/>
    </phaseOrder>
    <phaseOrder type="OutFaultFlow">
        <!--      user can add his own phases to this area  -->
        <phase name="soapmonitorPhase"/>
        <phase name="OperationOutFaultPhase"/>
        <phase name="RMPhase"/>
        <phase name="PolicyDetermination"/>
        <phase name="MessageOut"/>
        <phase name="Security"/>
    </phaseOrder>
</axisconfig>
