<?xml version="1.0" encoding="ISO-8859-1"?>
<!--
  ~  Licensed to the Apache Software Foundation (ASF) under one
  ~  or more contributor license agreements.  See the NOTICE file
  ~  distributed with this work for additional information
  ~  regarding copyright ownership.  The ASF licenses this file
  ~  to you under the Apache License, Version 2.0 (the
  ~  "License"); you may not use this file except in compliance
  ~  with the License.  You may obtain a copy of the License at
  ~
  ~   http://www.apache.org/licenses/LICENSE-2.0
  ~
  ~  Unless required by applicable law or agreed to in writing,
  ~  software distributed under the License is distributed on an
  ~   * "AS IS" BASIS, WITHOUT WARRANTIES OR CONDITIONS OF ANY
  ~  KIND, either express or implied.  See the License for the
  ~  specific language governing permissions and limitations
  ~  under the License.
  -->

<!--Routing message to 3 static recipients-->        
<definitions xmlns="http://ws.apache.org/ns/synapse">

    <sequence name="main" onError="errorHandler">
        <in>
            <send>
                <endpoint>
                    <!--List of Recipients (static)--> 
                    <recipientlist>
                        <endpoint>
                            <address uri="http://localhost:9001/services/SimpleStockQuoteService"/>
                        </endpoint>
                        <endpoint>
                            <address uri="http://localhost:9002/services/SimpleStockQuoteService"/>
                        </endpoint>
			<endpoint>
                            <address uri="http://localhost:9003/services/SimpleStockQuoteService"/>
                        </endpoint>
                    </recipientlist>
                </endpoint>
            </send>
            <drop/>
        </in>

        <out>
            <log level="full"/>
            <drop/>
        </out>
    </sequence>

    <sequence name="errorHandler">
        <makefault response="true">
            <code xmlns:tns="http://www.w3.org/2003/05/soap-envelope" value="tns:Receiver"/>
            <reason value="COULDN'T SEND THE MESSAGE TO THE SERVER."/>
        </makefault>
        <send/>
    </sequence>
</definitions>
<?xml version="1.0" encoding="ISO-8859-1"?>
<!--
  ~  Licensed to the Apache Software Foundation (ASF) under one
  ~  or more contributor license agreements.  See the NOTICE file
  ~  distributed with this work for additional information
  ~  regarding copyright ownership.  The ASF licenses this file
  ~  to you under the Apache License, Version 2.0 (the
  ~  "License"); you may not use this file except in compliance
  ~  with the License.  You may obtain a copy of the License at
  ~
  ~   http://www.apache.org/licenses/LICENSE-2.0
  ~
  ~  Unless required by applicable law or agreed to in writing,
  ~  software distributed under the License is distributed on an
  ~   * "AS IS" BASIS, WITHOUT WARRANTIES OR CONDITIONS OF ANY
  ~  KIND, either express or implied.  See the License for the
  ~  specific language governing permissions and limitations
  ~  under the License.
  -->

<!--Routing message to 3 static recipients-->        
<definitions xmlns="http://ws.apache.org/ns/synapse">

    <sequence name="main" onError="errorHandler">
        <in>
            <send>
                <endpoint>
                    <!--List of Recipients (static)--> 
                    <recipientlist>
                        <endpoint>
                            <address uri="http://localhost:9001/services/SimpleStockQuoteService"/>
                        </endpoint>
                        <endpoint>
                            <address uri="http://localhost:9002/services/SimpleStockQuoteService"/>
                        </endpoint>
			<endpoint>
                            <address uri="http://localhost:9003/services/SimpleStockQuoteService"/>
                        </endpoint>
                    </recipientlist>
                </endpoint>
            </send>
            <drop/>
        </in>

        <out>
            <log level="full"/>
            <drop/>
        </out>
    </sequence>

    <sequence name="errorHandler">
        <makefault response="true">
            <code xmlns:tns="http://www.w3.org/2003/05/soap-envelope" value="tns:Receiver"/>
            <reason value="COULDN'T SEND THE MESSAGE TO THE SERVER."/>
        </makefault>
        <send/>
    </sequence>
</definitions>
